file,class,method,constructor,line,cbo,cboModified,fanin,fanout,wmc,rfc,loc,returnsQty,variablesQty,parametersQty,methodsInvokedQty,methodsInvokedLocalQty,methodsInvokedIndirectLocalQty,loopQty,comparisonsQty,tryCatchQty,parenthesizedExpsQty,stringLiteralsQty,numbersQty,assignmentsQty,mathOperationsQty,maxNestedBlocksQty,anonymousClassesQty,innerClassesQty,lambdasQty,uniqueWordsQty,modifiers,logStatementsQty,hasJavaDoc
C:\Users\sugii syuji\jsoup\src\main\java\org\jsoup\select\NodeEvaluator.java,org.jsoup.select.NodeEvaluator,wantsNodes/0,false,25,0,0,0,0,1,0,3,1,0,0,0,0,0,0,0,0,0,0,0,0,0,0,0,0,0,3,0,0,false
C:\Users\sugii syuji\jsoup\src\main\java\org\jsoup\select\NodeEvaluator.java,org.jsoup.select.NodeEvaluator,"matches/2[org.jsoup.select.Element,org.jsoup.select.Element]",false,15,2,1,0,1,1,1,3,1,0,2,1,1,1,0,0,0,0,0,0,0,0,0,0,0,0,5,1,0,false
C:\Users\sugii syuji\jsoup\src\main\java\org\jsoup\select\NodeEvaluator.java,org.jsoup.select.NodeEvaluator,"matches/2[org.jsoup.select.Element,org.jsoup.select.LeafNode]",false,19,3,1,0,1,1,1,3,1,0,2,1,1,1,0,0,0,0,0,0,0,0,0,0,0,0,5,0,0,false
C:\Users\sugii syuji\jsoup\src\main\java\org\jsoup\select\NodeEvaluator.java,org.jsoup.select.NodeEvaluator,evaluateMatch/1[org.jsoup.select.Node],false,23,1,2,2,0,1,0,1,0,0,1,0,0,0,0,0,0,0,0,0,0,0,0,0,0,0,4,1024,0,false
C:\Users\sugii syuji\jsoup\src\main\java\org\jsoup\select\Evaluator.java,org.jsoup.select.Evaluator$AttributeWithValueStarting,"matches/2[org.jsoup.select.Element,org.jsoup.select.Element]",false,322,1,0,0,0,1,4,3,1,0,2,4,0,0,0,0,0,0,0,0,0,0,0,0,0,0,7,1,0,false
C:\Users\sugii syuji\jsoup\src\main\java\org\jsoup\select\Evaluator.java,org.jsoup.select.Evaluator$AttributeWithValueStarting,cost/0,false,326,0,0,0,0,1,0,3,1,0,0,0,0,0,0,0,0,0,0,1,0,0,0,0,0,0,1,4,0,false
C:\Users\sugii syuji\jsoup\src\main\java\org\jsoup\select\Evaluator.java,org.jsoup.select.Evaluator$AttributeWithValueStarting,"AttributeWithValueStarting/2[java.lang.String,java.lang.String]",true,317,0,0,0,0,1,0,3,0,0,2,0,0,0,0,0,0,0,0,0,0,0,0,0,0,0,5,1,0,false
C:\Users\sugii syuji\jsoup\src\main\java\org\jsoup\select\Evaluator.java,org.jsoup.select.Evaluator$AttributeWithValueStarting,toString/0,false,331,0,0,0,0,1,1,3,1,0,0,1,0,0,0,0,0,0,1,0,0,0,0,0,0,0,2,1,0,false
C:\Users\sugii syuji\jsoup\src\main\java\org\jsoup\select\Evaluator.java,org.jsoup.select.Evaluator$IndexGreaterThan,"matches/2[org.jsoup.select.Element,org.jsoup.select.Element]",false,496,1,0,0,0,2,1,3,1,0,2,1,0,0,0,0,0,0,0,0,0,0,0,0,0,0,4,1,0,false
C:\Users\sugii syuji\jsoup\src\main\java\org\jsoup\select\Evaluator.java,org.jsoup.select.Evaluator$IndexGreaterThan,IndexGreaterThan/1[int],true,491,0,0,0,0,1,0,3,0,0,1,0,0,0,0,0,0,0,0,0,0,0,0,0,0,0,4,1,0,false
C:\Users\sugii syuji\jsoup\src\main\java\org\jsoup\select\Evaluator.java,org.jsoup.select.Evaluator$IndexGreaterThan,toString/0,false,501,0,0,0,0,1,1,3,1,0,0,1,0,0,0,0,0,0,1,0,0,0,0,0,0,0,2,1,0,false
C:\Users\sugii syuji\jsoup\src\main\java\org\jsoup\select\Evaluator.java,org.jsoup.select.Evaluator$IsOnlyOfType,"matches/2[org.jsoup.select.Element,org.jsoup.select.Element]",false,757,2,0,0,0,7,5,12,2,3,2,5,0,0,1,3,0,0,0,3,4,0,2,0,0,0,9,1,0,false
C:\Users\sugii syuji\jsoup\src\main\java\org\jsoup\select\Evaluator.java,org.jsoup.select.Evaluator$IsOnlyOfType,toString/0,false,773,0,0,0,0,1,0,3,1,0,0,0,0,0,0,0,0,0,1,0,0,0,0,0,0,0,3,1,0,false
C:\Users\sugii syuji\jsoup\src\main\java\org\jsoup\select\Evaluator.java,org.jsoup.select.Evaluator$IndexEvaluator,IndexEvaluator/1[int],true,805,0,0,0,0,1,0,3,0,0,1,0,0,0,0,0,0,0,0,0,1,0,0,0,0,0,3,1,0,false
C:\Users\sugii syuji\jsoup\src\main\java\org\jsoup\select\Evaluator.java,org.jsoup.select.Evaluator$TagStartsWith,"matches/2[org.jsoup.select.Element,org.jsoup.select.Element]",false,126,1,0,0,0,1,2,3,1,0,2,2,0,0,0,0,0,1,0,0,0,0,0,0,0,0,5,1,0,false
C:\Users\sugii syuji\jsoup\src\main\java\org\jsoup\select\Evaluator.java,org.jsoup.select.Evaluator$TagStartsWith,toString/0,false,131,0,0,0,0,1,1,3,1,0,0,1,0,0,0,0,0,0,1,0,0,0,0,0,0,0,2,1,0,false
C:\Users\sugii syuji\jsoup\src\main\java\org\jsoup\select\Evaluator.java,org.jsoup.select.Evaluator$TagStartsWith,TagStartsWith/1[java.lang.String],true,121,0,0,0,0,1,0,3,0,0,1,0,0,0,0,0,0,0,0,0,1,0,0,0,0,0,5,1,0,false
C:\Users\sugii syuji\jsoup\src\main\java\org\jsoup\select\Evaluator.java,org.jsoup.select.Evaluator$IsEmpty,"matches/2[org.jsoup.select.Element,org.jsoup.select.Element]",false,780,6,0,0,0,7,3,9,3,1,2,3,0,0,1,1,0,2,0,0,2,0,3,0,0,0,14,1,0,false
C:\Users\sugii syuji\jsoup\src\main\java\org\jsoup\select\Evaluator.java,org.jsoup.select.Evaluator$IsEmpty,toString/0,false,792,0,0,0,0,1,0,3,1,0,0,0,0,0,0,0,0,0,1,0,0,0,0,0,0,0,2,1,0,false
C:\Users\sugii syuji\jsoup\src\main\java\org\jsoup\select\QueryParser.java,org.jsoup.select.QueryParser,parse/1[java.lang.String],false,54,4,3,1,2,2,2,8,1,1,1,2,1,20,0,0,1,0,0,0,1,0,1,0,0,0,36,9,0,true
C:\Users\sugii syuji\jsoup\src\main\java\org\jsoup\select\QueryParser.java,org.jsoup.select.QueryParser,"or/2[org.jsoup.select.Evaluator,org.jsoup.select.Evaluator]",false,180,3,1,1,0,2,1,7,2,0,2,1,0,0,0,0,0,1,0,0,0,0,1,0,0,0,9,8,0,true
C:\Users\sugii syuji\jsoup\src\main\java\org\jsoup\select\QueryParser.java,org.jsoup.select.QueryParser,not/0,false,499,4,3,1,2,1,3,5,1,1,0,3,2,20,0,0,0,0,1,0,1,0,0,0,0,0,11,2,0,false
C:\Users\sugii syuji\jsoup\src\main\java\org\jsoup\select\QueryParser.java,org.jsoup.select.QueryParser,matchesWholeText/1[boolean],false,487,3,2,1,1,3,3,7,1,3,1,3,1,1,0,0,0,0,3,0,3,1,0,0,0,0,14,2,0,false
C:\Users\sugii syuji\jsoup\src\main\java\org\jsoup\select\QueryParser.java,org.jsoup.select.QueryParser,"parseNested/2[java.util.function.Function<org.jsoup.select.Evaluator,org.jsoup.select.Evaluator>,java.lang.String]",false,434,2,3,2,1,1,4,6,1,1,2,4,1,18,0,0,0,0,0,0,1,0,0,0,0,0,7,2,0,false
C:\Users\sugii syuji\jsoup\src\main\java\org\jsoup\select\QueryParser.java,org.jsoup.select.QueryParser,has/0,false,425,2,2,1,1,1,1,3,1,0,0,1,1,19,0,0,0,0,1,0,0,0,0,0,0,0,7,2,0,false
C:\Users\sugii syuji\jsoup\src\main\java\org\jsoup\select\QueryParser.java,org.jsoup.select.QueryParser,byId/0,false,304,2,1,1,0,1,2,5,1,1,0,2,0,0,0,0,0,0,0,0,1,0,0,0,0,0,4,2,0,false
C:\Users\sugii syuji\jsoup\src\main\java\org\jsoup\select\QueryParser.java,org.jsoup.select.QueryParser,QueryParser/1[java.lang.String],true,38,1,1,1,0,1,2,6,0,0,1,2,0,0,0,0,0,0,0,0,3,0,0,0,0,0,9,2,0,true
C:\Users\sugii syuji\jsoup\src\main\java\org\jsoup\select\QueryParser.java,org.jsoup.select.QueryParser,contains/1[boolean],false,442,4,2,1,1,4,3,7,2,2,1,3,1,1,0,0,0,0,3,0,2,1,1,0,0,0,15,2,0,false
C:\Users\sugii syuji\jsoup\src\main\java\org\jsoup\select\QueryParser.java,org.jsoup.select.QueryParser,parseSimpleSequence/0,false,126,4,4,1,3,8,8,15,1,2,0,8,3,19,1,2,0,0,2,0,5,0,2,0,0,0,17,0,0,false
C:\Users\sugii syuji\jsoup\src\main\java\org\jsoup\select\QueryParser.java,org.jsoup.select.QueryParser,consumeIndex/0,false,418,1,2,1,1,1,5,5,1,1,0,5,1,1,0,0,0,0,1,0,1,0,0,0,0,0,6,2,0,false
C:\Users\sugii syuji\jsoup\src\main\java\org\jsoup\select\QueryParser.java,org.jsoup.select.QueryParser,byClass/0,false,310,2,1,1,0,1,3,5,1,1,0,3,0,0,0,0,0,0,0,0,1,0,0,0,0,0,5,2,0,false
C:\Users\sugii syuji\jsoup\src\main\java\org\jsoup\select\QueryParser.java,org.jsoup.select.QueryParser,"combinator/3[org.jsoup.select.Evaluator,char,org.jsoup.select.Evaluator]",false,151,6,2,1,1,6,2,16,4,1,3,2,1,1,0,0,0,0,1,0,1,0,1,0,0,0,9,8,0,false
C:\Users\sugii syuji\jsoup\src\main\java\org\jsoup\select\QueryParser.java,org.jsoup.select.QueryParser,"and/2[org.jsoup.select.Evaluator,org.jsoup.select.Evaluator]",false,189,4,3,3,0,3,1,8,3,0,2,1,0,0,0,1,0,1,0,0,0,0,1,0,0,0,10,8,0,true
C:\Users\sugii syuji\jsoup\src\main\java\org\jsoup\select\QueryParser.java,org.jsoup.select.QueryParser,parseSelector/0,false,95,3,3,1,2,7,5,24,1,3,0,5,2,19,1,1,0,0,0,2,7,0,3,0,0,0,11,0,0,false
C:\Users\sugii syuji\jsoup\src\main\java\org\jsoup\select\QueryParser.java,org.jsoup.select.QueryParser,parseSubclass/0,false,169,3,7,2,5,6,7,8,6,0,0,7,5,19,0,0,0,0,1,0,0,0,5,0,0,0,11,0,0,false
C:\Users\sugii syuji\jsoup\src\main\java\org\jsoup\select\QueryParser.java,org.jsoup.select.QueryParser,byAttribute/0,false,340,3,2,1,1,1,2,5,1,1,0,2,1,1,0,0,1,0,0,0,1,0,1,0,0,0,8,2,0,false
C:\Users\sugii syuji\jsoup\src\main\java\org\jsoup\select\QueryParser.java,org.jsoup.select.QueryParser,close/0,false,512,0,0,0,0,1,1,3,0,0,0,1,0,0,0,0,0,0,0,0,0,0,0,0,0,0,1,1,0,false
C:\Users\sugii syuji\jsoup\src\main\java\org\jsoup\select\QueryParser.java,org.jsoup.select.QueryParser,containsData/0,false,465,3,2,1,1,1,3,5,1,1,0,3,1,1,0,0,0,0,1,0,1,0,0,0,0,0,12,2,0,false
C:\Users\sugii syuji\jsoup\src\main\java\org\jsoup\select\QueryParser.java,org.jsoup.select.QueryParser,parseNodeSelector/0,false,265,11,3,1,2,8,3,33,1,3,0,3,2,19,1,1,0,1,7,0,11,0,1,0,0,0,19,2,0,false
C:\Users\sugii syuji\jsoup\src\main\java\org\jsoup\select\QueryParser.java,org.jsoup.select.QueryParser,toString/0,false,507,0,0,0,0,1,0,3,1,0,0,0,0,0,0,0,0,0,0,0,0,0,0,0,0,0,3,1,0,false
C:\Users\sugii syuji\jsoup\src\main\java\org\jsoup\select\QueryParser.java,org.jsoup.select.QueryParser,"cssNthChild/2[boolean,boolean]",false,383,4,2,1,1,11,9,28,1,5,2,9,1,1,0,2,0,4,10,13,12,0,3,0,0,0,22,2,0,false
C:\Users\sugii syuji\jsoup\src\main\java\org\jsoup\select\QueryParser.java,org.jsoup.select.QueryParser,consumeParens/0,false,414,0,8,8,0,1,1,3,1,0,0,1,0,0,0,0,0,0,0,0,0,0,0,0,0,0,2,2,0,false
C:\Users\sugii syuji\jsoup\src\main\java\org\jsoup\select\QueryParser.java,org.jsoup.select.QueryParser,parse/0,false,77,4,2,1,1,2,4,6,1,1,0,4,1,19,0,0,0,0,1,0,1,0,1,0,0,0,43,0,0,true
C:\Users\sugii syuji\jsoup\src\main\java\org\jsoup\select\QueryParser.java,org.jsoup.select.QueryParser,parsePseudoSelector/0,false,198,18,11,1,10,30,12,65,29,1,0,12,10,19,0,0,0,0,30,0,1,0,1,0,0,0,26,2,0,false
C:\Users\sugii syuji\jsoup\src\main\java\org\jsoup\select\QueryParser.java,org.jsoup.select.QueryParser,is/0,false,430,2,2,1,1,1,1,3,1,0,0,1,1,19,0,0,0,0,1,0,0,0,0,0,0,0,7,2,0,false
C:\Users\sugii syuji\jsoup\src\main\java\org\jsoup\select\QueryParser.java,org.jsoup.select.QueryParser,containsWholeText/1[boolean],false,455,2,2,1,1,3,3,6,1,2,1,3,1,1,0,0,0,0,3,0,2,1,0,0,0,0,13,2,0,false
C:\Users\sugii syuji\jsoup\src\main\java\org\jsoup\select\QueryParser.java,org.jsoup.select.QueryParser,evaluatorForAttribute/1[org.jsoup.select.TokenQueue],false,346,4,1,1,0,10,10,21,1,2,1,10,0,0,0,0,0,0,9,1,10,0,7,0,0,0,17,2,0,false
C:\Users\sugii syuji\jsoup\src\main\java\org\jsoup\select\QueryParser.java,org.jsoup.select.QueryParser,byTag/0,false,316,5,1,1,0,7,10,16,3,3,0,10,0,0,0,0,0,0,7,3,4,3,1,0,0,0,8,2,0,false
C:\Users\sugii syuji\jsoup\src\main\java\org\jsoup\select\QueryParser.java,org.jsoup.select.QueryParser,matches/1[boolean],false,472,5,2,1,1,4,3,8,2,3,1,3,1,1,0,0,0,0,3,0,3,1,1,0,0,0,15,2,0,false
C:\Users\sugii syuji\jsoup\src\main\java\org\jsoup\select\QueryParser.java,org.jsoup.select.QueryParser,parseSelectorGroup/0,false,85,2,4,2,2,2,3,8,1,2,0,3,2,19,1,0,0,0,0,0,3,0,1,0,0,0,7,0,0,false
C:\Users\sugii syuji\jsoup\src\main\java\org\jsoup\select\Evaluator.java,org.jsoup.select.Evaluator$ContainsWholeText,"matches/2[org.jsoup.select.Element,org.jsoup.select.Element]",false,848,1,0,0,0,1,2,3,1,0,2,2,0,0,0,0,0,0,0,0,0,0,0,0,0,0,5,1,0,false
C:\Users\sugii syuji\jsoup\src\main\java\org\jsoup\select\Evaluator.java,org.jsoup.select.Evaluator$ContainsWholeText,cost/0,false,852,0,0,0,0,1,0,3,1,0,0,0,0,0,0,0,0,0,0,1,0,0,0,0,0,0,1,4,0,false
C:\Users\sugii syuji\jsoup\src\main\java\org\jsoup\select\Evaluator.java,org.jsoup.select.Evaluator$ContainsWholeText,ContainsWholeText/1[java.lang.String],true,843,0,0,0,0,1,0,3,0,0,1,0,0,0,0,0,0,0,0,0,1,0,0,0,0,0,4,1,0,false
C:\Users\sugii syuji\jsoup\src\main\java\org\jsoup\select\Evaluator.java,org.jsoup.select.Evaluator$ContainsWholeText,toString/0,false,857,0,0,0,0,1,1,3,1,0,0,1,0,0,0,0,0,0,1,0,0,0,0,0,0,0,2,1,0,false
C:\Users\sugii syuji\jsoup\src\main\java\org\jsoup\select\Evaluator.java,org.jsoup.select.Evaluator$MatchesWholeText,MatchesWholeText/1[java.util.regex.Pattern],true,996,0,0,0,0,1,1,3,0,0,1,1,0,0,0,0,0,0,0,0,1,0,0,0,0,0,5,1,0,false
C:\Users\sugii syuji\jsoup\src\main\java\org\jsoup\select\Evaluator.java,org.jsoup.select.Evaluator$MatchesWholeText,MatchesWholeText/1[org.jsoup.select.Regex],true,992,1,0,0,0,1,0,3,0,0,1,0,0,0,0,0,0,0,0,0,1,0,0,0,0,0,5,1,0,false
C:\Users\sugii syuji\jsoup\src\main\java\org\jsoup\select\Evaluator.java,org.jsoup.select.Evaluator$MatchesWholeText,toString/0,false,1010,0,0,0,0,1,1,3,1,0,0,1,0,0,0,0,0,0,1,0,0,0,0,0,0,0,2,1,0,false
C:\Users\sugii syuji\jsoup\src\main\java\org\jsoup\select\Evaluator.java,org.jsoup.select.Evaluator$MatchesWholeText,cost/0,false,1005,0,0,0,0,1,0,3,1,0,0,0,0,0,0,0,0,0,0,1,0,0,0,0,0,0,1,4,0,false
C:\Users\sugii syuji\jsoup\src\main\java\org\jsoup\select\Evaluator.java,org.jsoup.select.Evaluator$MatchesWholeText,"matches/2[org.jsoup.select.Element,org.jsoup.select.Element]",false,1001,1,0,0,0,1,3,3,1,0,2,3,0,0,0,0,0,0,0,0,0,0,0,0,0,0,3,1,0,false
C:\Users\sugii syuji\jsoup\src\main\java\org\jsoup\select\Evaluator.java,org.jsoup.select.Evaluator$Matches,"matches/2[org.jsoup.select.Element,org.jsoup.select.Element]",false,942,1,0,0,0,1,3,3,1,0,2,3,0,0,0,0,0,0,0,0,0,0,0,0,0,0,3,1,0,false
C:\Users\sugii syuji\jsoup\src\main\java\org\jsoup\select\Evaluator.java,org.jsoup.select.Evaluator$Matches,Matches/1[java.util.regex.Pattern],true,937,0,0,0,0,1,1,3,0,0,1,1,0,0,0,0,0,0,0,0,0,0,0,0,0,0,3,1,0,false
C:\Users\sugii syuji\jsoup\src\main\java\org\jsoup\select\Evaluator.java,org.jsoup.select.Evaluator$Matches,cost/0,false,946,0,0,0,0,1,0,3,1,0,0,0,0,0,0,0,0,0,0,1,0,0,0,0,0,0,1,4,0,false
C:\Users\sugii syuji\jsoup\src\main\java\org\jsoup\select\Evaluator.java,org.jsoup.select.Evaluator$Matches,toString/0,false,951,0,0,0,0,1,1,3,1,0,0,1,0,0,0,0,0,0,1,0,0,0,0,0,0,0,2,1,0,false
C:\Users\sugii syuji\jsoup\src\main\java\org\jsoup\select\Evaluator.java,org.jsoup.select.Evaluator$Matches,Matches/1[org.jsoup.select.Regex],true,933,1,0,0,0,1,0,3,0,0,1,0,0,0,0,0,0,0,0,0,1,0,0,0,0,0,3,1,0,false
C:\Users\sugii syuji\jsoup\src\main\java\org\jsoup\select\Evaluator.java,org.jsoup.select.Evaluator$AttributeWithValueMatching,"matches/2[org.jsoup.select.Element,org.jsoup.select.Element]",false,400,1,0,0,0,1,4,3,1,0,2,4,0,0,0,0,0,0,0,0,0,0,0,0,0,0,4,1,0,false
C:\Users\sugii syuji\jsoup\src\main\java\org\jsoup\select\Evaluator.java,org.jsoup.select.Evaluator$AttributeWithValueMatching,"AttributeWithValueMatching/2[java.lang.String,org.jsoup.select.Regex]",true,390,1,0,0,0,1,1,4,0,0,2,1,0,0,0,0,0,0,0,0,2,0,0,0,0,0,7,1,0,false
C:\Users\sugii syuji\jsoup\src\main\java\org\jsoup\select\Evaluator.java,org.jsoup.select.Evaluator$AttributeWithValueMatching,"AttributeWithValueMatching/2[java.lang.String,java.util.regex.Pattern]",true,395,0,0,0,0,1,1,3,0,0,2,1,0,0,0,0,0,0,0,0,0,0,0,0,0,0,5,1,0,false
C:\Users\sugii syuji\jsoup\src\main\java\org\jsoup\select\Evaluator.java,org.jsoup.select.Evaluator$AttributeWithValueMatching,cost/0,false,404,0,0,0,0,1,0,3,1,0,0,0,0,0,0,0,0,0,0,1,0,0,0,0,0,0,1,4,0,false
C:\Users\sugii syuji\jsoup\src\main\java\org\jsoup\select\Evaluator.java,org.jsoup.select.Evaluator$AttributeWithValueMatching,toString/0,false,409,0,0,0,0,1,2,3,1,0,0,2,0,0,0,0,0,0,1,0,0,0,0,0,0,0,2,1,0,false
C:\Users\sugii syuji\jsoup\src\main\java\org\jsoup\helper\Re2jRegex.java,org.jsoup.helper.Re2jRegex,matcher/1[java.lang.CharSequence],false,25,2,1,0,1,1,1,3,1,0,1,1,0,0,0,0,0,0,0,0,0,0,0,0,0,0,6,1,0,false
C:\Users\sugii syuji\jsoup\src\main\java\org\jsoup\helper\Re2jRegex.java,org.jsoup.helper.Re2jRegex,toString/0,false,30,0,0,0,0,1,1,3,1,0,0,1,0,0,0,0,0,0,0,0,0,0,0,0,0,0,2,1,0,false
C:\Users\sugii syuji\jsoup\src\main\java\org\jsoup\helper\Re2jRegex.java,org.jsoup.helper.Re2jRegex,compile/1[java.lang.String],false,16,3,1,0,1,2,2,8,1,0,1,2,0,0,0,0,1,0,1,0,0,1,1,0,0,0,9,9,0,false
C:\Users\sugii syuji\jsoup\src\main\java\org\jsoup\helper\Re2jRegex.java,org.jsoup.helper.Re2jRegex,Re2jRegex/1[com.google.re2j.Pattern],true,11,1,1,1,0,1,0,4,0,0,1,0,0,0,0,0,0,0,0,0,1,0,0,0,0,0,5,2,0,false
C:\Users\sugii syuji\jsoup\src\main\java\org\jsoup\select\Evaluator.java,org.jsoup.select.Evaluator$AttributeWithValueEnding,toString/0,false,354,0,0,0,0,1,1,3,1,0,0,1,0,0,0,0,0,0,1,0,0,0,0,0,0,0,2,1,0,false
C:\Users\sugii syuji\jsoup\src\main\java\org\jsoup\select\Evaluator.java,org.jsoup.select.Evaluator$AttributeWithValueEnding,cost/0,false,349,0,0,0,0,1,0,3,1,0,0,0,0,0,0,0,0,0,0,1,0,0,0,0,0,0,1,4,0,false
C:\Users\sugii syuji\jsoup\src\main\java\org\jsoup\select\Evaluator.java,org.jsoup.select.Evaluator$AttributeWithValueEnding,"matches/2[org.jsoup.select.Element,org.jsoup.select.Element]",false,345,1,0,0,0,1,4,3,1,0,2,4,0,0,0,0,0,0,0,0,0,0,0,0,0,0,7,1,0,false
C:\Users\sugii syuji\jsoup\src\main\java\org\jsoup\select\Evaluator.java,org.jsoup.select.Evaluator$AttributeWithValueEnding,"AttributeWithValueEnding/2[java.lang.String,java.lang.String]",true,340,0,0,0,0,1,0,3,0,0,2,0,0,0,0,0,0,0,0,0,0,0,0,0,0,0,5,1,0,false
C:\Users\sugii syuji\jsoup\src\main\java\org\jsoup\nodes\Element.java,org.jsoup.nodes.Element,"prependElement/2[java.lang.String,java.lang.String]",false,956,2,4,1,3,1,6,6,1,2,2,6,2,3,0,0,0,0,0,0,2,0,0,0,0,0,24,1,0,true
C:\Users\sugii syuji\jsoup\src\main\java\org\jsoup\nodes\Element.java,org.jsoup.nodes.Element,hasChildNodes/0,false,108,0,0,0,0,2,0,3,1,0,0,0,0,0,0,1,0,0,0,0,0,0,0,0,0,0,15,4,0,true
C:\Users\sugii syuji\jsoup\src\main\java\org\jsoup\nodes\Element.java,org.jsoup.nodes.Element,selectStream/1[java.lang.String],false,552,1,0,0,0,1,1,3,1,0,1,1,0,0,0,0,0,0,0,0,0,0,0,0,0,0,77,1,0,true
C:\Users\sugii syuji\jsoup\src\main\java\org\jsoup\nodes\Element.java,org.jsoup.nodes.Element,prepend/1[java.lang.String],false,1008,2,1,0,1,1,6,6,1,1,1,6,1,3,0,0,0,0,0,2,1,0,0,0,0,0,29,1,0,true
C:\Users\sugii syuji\jsoup\src\main\java\org\jsoup\nodes\Element.java,org.jsoup.nodes.Element,preserveWhitespace/1[org.jsoup.nodes.Node],false,1667,3,2,1,1,5,2,13,2,2,1,2,1,1,1,1,0,0,0,2,3,0,3,0,0,0,10,8,0,false
C:\Users\sugii syuji\jsoup\src\main\java\org\jsoup\nodes\Element.java,org.jsoup.nodes.Element,safeTagName/1[Document.OutputSettings.Syntax],false,1951,3,3,2,1,2,2,3,1,0,1,2,1,1,0,1,0,0,0,0,0,0,0,0,0,0,6,2,0,false
C:\Users\sugii syuji\jsoup\src\main\java\org\jsoup\nodes\Element.java,org.jsoup.nodes.Element,parent/0,false,330,2,12,12,0,1,0,3,1,0,0,0,0,0,0,0,0,0,0,0,0,0,0,0,0,0,3,17,0,false
C:\Users\sugii syuji\jsoup\src\main\java\org\jsoup\nodes\Element.java,org.jsoup.nodes.Element,Element/1[java.lang.String],true,73,0,0,0,0,1,0,3,0,0,1,0,0,0,0,0,0,0,0,0,0,0,0,0,0,0,13,1,0,true
C:\Users\sugii syuji\jsoup\src\main\java\org\jsoup\nodes\Element.java,org.jsoup.nodes.Element,forEach/1[java.util.function.Consumer<? super org.jsoup.nodes.Element>],false,2060,1,1,0,1,1,2,3,0,0,1,2,1,1,0,0,0,0,0,0,0,0,0,0,0,0,27,1,0,true
C:\Users\sugii syuji\jsoup\src\main\java\org\jsoup\nodes\Element.java,org.jsoup.nodes.Element,forEachNode/1[java.util.function.Consumer<? super org.jsoup.nodes.Node>],false,2049,1,0,0,0,1,1,3,1,0,1,1,0,0,0,0,0,0,0,0,0,0,0,0,0,0,5,1,0,false
C:\Users\sugii syuji\jsoup\src\main\java\org\jsoup\nodes\Element.java,org.jsoup.nodes.Element,elementSiblingIndex/0,false,1217,1,4,1,3,2,3,4,2,0,0,3,2,3,0,1,0,0,0,1,0,0,1,0,0,0,19,1,0,true
C:\Users\sugii syuji\jsoup\src\main\java\org\jsoup\nodes\Element.java,org.jsoup.nodes.Element,"Element/2[org.jsoup.nodes.Tag,java.lang.String]",true,101,2,0,0,0,1,0,3,0,0,2,0,0,0,0,0,0,0,0,0,0,0,0,0,0,0,18,1,0,true
C:\Users\sugii syuji\jsoup\src\main\java\org\jsoup\nodes\Element.java,org.jsoup.nodes.Element,getElementsByTag/1[java.lang.String],false,1281,2,0,0,0,1,3,5,1,0,1,3,0,0,0,0,0,0,0,0,1,0,0,0,0,0,32,1,0,true
C:\Users\sugii syuji\jsoup\src\main\java\org\jsoup\nodes\Element.java,org.jsoup.nodes.Element,hasAttributes/0,false,120,0,1,1,0,2,0,3,1,0,0,0,0,0,0,1,0,0,0,0,0,0,0,0,0,0,4,4,0,false
C:\Users\sugii syuji\jsoup\src\main\java\org\jsoup\nodes\Element.java,org.jsoup.nodes.Element,"attr/2[java.lang.String,boolean]",false,296,1,1,0,1,1,2,4,1,0,2,2,1,1,0,0,0,0,0,0,0,0,0,0,0,0,28,1,0,true
C:\Users\sugii syuji\jsoup\src\main\java\org\jsoup\nodes\Element.java,org.jsoup.nodes.Element,className/0,false,1753,1,2,1,1,1,2,3,1,0,0,2,1,1,0,0,0,0,1,0,0,0,0,0,0,0,25,1,0,true
C:\Users\sugii syuji\jsoup\src\main\java\org\jsoup\nodes\Element.java,org.jsoup.nodes.Element,hasClass/1[java.lang.String],false,1792,0,0,0,0,13,6,34,6,6,1,6,0,0,1,5,0,0,1,5,9,2,4,0,0,0,25,1,0,true
C:\Users\sugii syuji\jsoup\src\main\java\org\jsoup\nodes\Element.java,org.jsoup.nodes.Element,getElementsByIndexLessThan/1[int],false,1431,2,0,0,0,1,1,3,1,0,1,1,0,0,0,0,0,0,0,0,0,0,0,0,0,0,17,1,0,true
C:\Users\sugii syuji\jsoup\src\main\java\org\jsoup\nodes\Element.java,org.jsoup.nodes.Element,is/1[java.lang.String],false,725,1,2,1,1,1,2,3,1,0,1,2,1,0,0,0,0,0,0,0,0,0,0,0,0,0,19,1,0,true
C:\Users\sugii syuji\jsoup\src\main\java\org\jsoup\nodes\Element.java,org.jsoup.nodes.Element,"searchUpForAttribute/2[org.jsoup.nodes.Element,java.lang.String]",false,138,2,2,1,1,4,3,8,2,1,2,3,1,1,1,2,0,0,0,0,2,0,2,0,0,0,9,8,0,false
C:\Users\sugii syuji\jsoup\src\main\java\org\jsoup\nodes\Element.java,org.jsoup.nodes.Element,"getElementsByAttributeValueEnding/2[java.lang.String,java.lang.String]",false,1385,2,0,0,0,1,1,3,1,0,2,1,0,0,0,0,0,0,0,0,0,0,0,0,0,0,22,1,0,true
C:\Users\sugii syuji\jsoup\src\main\java\org\jsoup\nodes\Element.java,org.jsoup.nodes.Element,toggleClass/1[java.lang.String],false,1873,1,2,0,2,2,6,8,1,1,1,6,2,4,0,0,0,0,0,0,1,0,1,0,0,0,17,1,0,true
C:\Users\sugii syuji\jsoup\src\main\java\org\jsoup\nodes\Element.java,org.jsoup.nodes.Element,selectFirst/1[org.jsoup.nodes.Evaluator],false,589,3,0,0,0,1,1,3,1,0,1,1,0,0,0,0,0,0,0,0,0,0,0,0,0,0,23,1,0,true
C:\Users\sugii syuji\jsoup\src\main\java\org\jsoup\nodes\Element.java,org.jsoup.nodes.Element,selectNodes/1[java.lang.String],false,633,3,1,0,1,1,1,3,1,0,1,1,1,1,0,0,0,0,0,0,0,0,0,0,0,0,35,1,0,true
C:\Users\sugii syuji\jsoup\src\main\java\org\jsoup\nodes\Element.java,org.jsoup.nodes.Element,childNodeSize/0,false,154,0,5,5,0,1,1,3,1,0,0,1,0,0,0,0,0,0,0,0,0,0,0,0,0,0,3,1,0,false
C:\Users\sugii syuji\jsoup\src\main\java\org\jsoup\nodes\Element.java,org.jsoup.nodes.Element,selectFirst/1[java.lang.String],false,577,2,0,0,0,1,1,3,1,0,1,1,0,0,0,0,0,0,0,0,0,0,0,0,0,0,42,1,0,true
C:\Users\sugii syuji\jsoup\src\main\java\org\jsoup\nodes\Element.java,org.jsoup.nodes.Element,dataset/0,false,325,1,1,0,1,1,2,3,1,0,0,2,1,1,0,0,0,0,0,0,0,0,0,0,0,0,44,1,0,true
C:\Users\sugii syuji\jsoup\src\main\java\org\jsoup\nodes\Element.java,org.jsoup.nodes.Element,"selectFirstNode/2[org.jsoup.nodes.Evaluator,java.lang.Class<T>]",false,695,3,0,0,0,1,1,3,1,0,2,1,0,0,0,0,0,0,0,0,0,0,0,0,0,0,26,1,0,true
C:\Users\sugii syuji\jsoup\src\main\java\org\jsoup\nodes\Element.java,org.jsoup.nodes.Element,empty/0,false,1067,1,2,2,0,2,3,6,1,2,0,3,0,0,1,0,0,0,0,1,3,0,1,0,0,0,22,1,0,true
C:\Users\sugii syuji\jsoup\src\main\java\org\jsoup\nodes\Element.java,org.jsoup.nodes.Element,addClass/1[java.lang.String],false,1843,1,2,0,2,1,4,7,1,1,1,4,2,4,0,0,0,0,0,0,1,0,0,0,0,0,12,1,0,true
C:\Users\sugii syuji\jsoup\src\main\java\org\jsoup\nodes\Element.java,org.jsoup.nodes.Element,selectStream/1[org.jsoup.nodes.Evaluator],false,564,2,0,0,0,1,1,3,1,0,1,1,0,0,0,0,0,0,0,0,0,0,0,0,0,0,19,1,0,true
C:\Users\sugii syuji\jsoup\src\main\java\org\jsoup\nodes\Element.java,org.jsoup.nodes.Element,getElementsMatchingOwnText/1[java.util.regex.Pattern],false,1507,2,0,0,0,1,1,3,1,0,1,1,0,0,0,0,0,0,0,0,0,0,0,0,0,0,21,1,0,true
C:\Users\sugii syuji\jsoup\src\main\java\org\jsoup\nodes\Element.java,org.jsoup.nodes.Element,selectNodes/1[org.jsoup.nodes.Evaluator],false,619,4,1,0,1,1,1,3,1,0,1,1,0,0,0,0,0,0,0,0,0,0,0,0,0,0,27,1,0,true
C:\Users\sugii syuji\jsoup\src\main\java\org\jsoup\nodes\Element.java,org.jsoup.nodes.Element,before/1[java.lang.String],false,1023,1,0,0,0,1,1,3,1,0,1,1,0,0,0,0,0,0,0,0,0,0,0,0,0,0,21,1,0,true
C:\Users\sugii syuji\jsoup\src\main\java\org\jsoup\nodes\Element.java,org.jsoup.nodes.Element,clearAttributes/0,false,2023,1,0,0,0,3,1,7,1,0,0,1,0,0,0,2,0,0,0,1,1,0,2,0,0,0,5,1,0,false
C:\Users\sugii syuji\jsoup\src\main\java\org\jsoup\nodes\Element.java,org.jsoup.nodes.Element,appendText/1[java.lang.String],false,969,2,1,0,1,1,2,6,1,1,1,2,1,2,0,0,0,0,0,0,1,0,0,0,0,0,16,1,0,true
C:\Users\sugii syuji\jsoup\src\main\java\org\jsoup\nodes\Element.java,org.jsoup.nodes.Element,"insertChildren/2[int,org.jsoup.nodes.Node[]]",false,903,2,1,0,1,4,4,8,1,1,2,4,1,1,0,0,0,0,2,3,2,1,1,0,0,0,40,1,0,true
C:\Users\sugii syuji\jsoup\src\main\java\org\jsoup\nodes\Element.java,org.jsoup.nodes.Element,select/1[java.lang.String],false,518,1,1,1,0,1,1,3,1,0,1,1,0,0,0,0,0,0,0,0,0,0,0,0,0,0,88,1,0,true
C:\Users\sugii syuji\jsoup\src\main\java\org\jsoup\nodes\Element.java,org.jsoup.nodes.Element,cachedChildren/0,false,423,3,3,2,1,7,5,13,3,4,0,5,0,0,0,5,0,0,0,0,4,0,3,0,0,0,25,0,0,true
C:\Users\sugii syuji\jsoup\src\main\java\org\jsoup\nodes\Element.java,org.jsoup.nodes.Element,"getElementsByAttributeValue/2[java.lang.String,java.lang.String]",false,1352,2,0,0,0,1,1,3,1,0,2,1,0,0,0,0,0,0,0,0,0,0,0,0,0,0,21,1,0,true
C:\Users\sugii syuji\jsoup\src\main\java\org\jsoup\nodes\Element.java,org.jsoup.nodes.Element,"Element/3[org.jsoup.nodes.Tag,java.lang.String,org.jsoup.nodes.Attributes]",true,86,3,1,1,0,2,3,7,0,0,3,3,0,0,0,0,0,0,0,0,3,0,1,0,0,0,36,1,0,true
C:\Users\sugii syuji\jsoup\src\main\java\org\jsoup\nodes\Element.java,org.jsoup.nodes.Element,"selectFirstNode/2[java.lang.String,java.lang.Class<T>]",false,682,3,2,1,1,1,2,3,1,0,2,2,0,0,0,0,0,0,0,0,0,0,0,0,0,0,46,1,0,true
C:\Users\sugii syuji\jsoup\src\main\java\org\jsoup\nodes\Element.java,org.jsoup.nodes.Element,removeClass/1[java.lang.String],false,1858,1,2,0,2,1,4,7,1,1,1,4,2,4,0,0,0,0,0,0,1,0,0,0,0,0,13,1,0,true
C:\Users\sugii syuji\jsoup\src\main\java\org\jsoup\nodes\Element.java,org.jsoup.nodes.Element,iterator/0,false,2069,2,0,0,0,1,0,3,1,0,0,0,0,0,0,0,0,0,0,0,0,0,0,0,0,0,14,1,0,true
C:\Users\sugii syuji\jsoup\src\main\java\org\jsoup\nodes\Element.java,org.jsoup.nodes.Element,getAllElements/0,false,1532,2,0,0,0,1,1,3,1,0,0,1,0,0,0,0,0,0,0,0,0,0,0,0,0,0,12,1,0,true
C:\Users\sugii syuji\jsoup\src\main\java\org\jsoup\nodes\Element.java,org.jsoup.nodes.Element,baseUri/0,false,132,1,6,5,1,2,1,4,1,1,0,1,1,2,0,1,0,0,1,0,1,0,0,0,0,0,7,1,0,false
C:\Users\sugii syuji\jsoup\src\main\java\org\jsoup\nodes\Element.java,org.jsoup.nodes.Element,expectFirst/1[java.lang.String],false,601,1,2,0,2,2,4,3,1,0,1,4,2,1,0,1,0,0,2,0,0,0,0,0,0,0,40,1,0,true
C:\Users\sugii syuji\jsoup\src\main\java\org\jsoup\nodes\Element.java,org.jsoup.nodes.Element,val/0,false,1890,1,3,0,3,2,3,4,2,0,0,3,3,1,0,0,0,0,2,0,0,0,1,0,0,0,16,1,0,true
C:\Users\sugii syuji\jsoup\src\main\java\org\jsoup\nodes\Element.java,org.jsoup.nodes.Element,filter/1[org.jsoup.nodes.NodeFilter],false,2074,2,1,1,0,1,1,3,1,0,1,1,0,0,0,0,0,0,0,0,0,0,0,0,0,0,5,1,0,false
C:\Users\sugii syuji\jsoup\src\main\java\org\jsoup\nodes\Element.java,org.jsoup.nodes.Element,"getElementsByAttributeValueNot/2[java.lang.String,java.lang.String]",false,1363,2,0,0,0,1,1,3,1,0,2,1,0,0,0,0,0,0,0,0,0,0,0,0,0,0,25,1,0,true
C:\Users\sugii syuji\jsoup\src\main\java\org\jsoup\nodes\Element.java,org.jsoup.nodes.Element,"getElementsByAttributeValueMatching/2[java.lang.String,java.util.regex.Pattern]",false,1406,2,0,0,0,1,1,3,1,0,2,1,0,0,0,0,0,0,0,0,0,0,0,0,0,0,30,1,0,true
C:\Users\sugii syuji\jsoup\src\main\java\org\jsoup\nodes\Element.java,org.jsoup.nodes.Element,closest/1[java.lang.String],false,745,2,2,1,1,1,2,3,1,0,1,2,1,0,0,0,0,0,0,0,0,0,0,0,0,0,34,1,0,true
C:\Users\sugii syuji\jsoup\src\main\java\org\jsoup\nodes\Element.java,org.jsoup.nodes.Element,wrap/1[java.lang.String],false,1083,1,0,0,0,1,1,3,1,0,1,1,0,0,0,0,0,0,0,0,0,0,0,0,0,0,16,1,0,true
C:\Users\sugii syuji\jsoup\src\main\java\org\jsoup\nodes\Element.java,org.jsoup.nodes.Element,getElementsMatchingOwnText/1[java.lang.String],false,1517,3,0,0,0,2,2,10,1,1,1,2,0,0,0,0,1,0,1,0,1,1,1,0,0,0,42,1,0,true
C:\Users\sugii syuji\jsoup\src\main\java\org\jsoup\nodes\Element.java,org.jsoup.nodes.Element,ensureChildNodes/0,false,112,2,2,1,1,2,0,6,1,0,0,0,0,0,0,1,0,0,0,1,1,0,1,0,0,0,7,4,0,false
C:\Users\sugii syuji\jsoup\src\main\java\org\jsoup\nodes\Element.java,org.jsoup.nodes.Element,doSetBaseUri/1[java.lang.String],false,149,1,1,0,1,1,2,3,0,0,1,2,1,1,0,0,0,0,0,0,0,0,0,0,0,0,6,4,0,false
C:\Users\sugii syuji\jsoup\src\main\java\org\jsoup\nodes\Element.java,org.jsoup.nodes.Element,normalName/0,false,180,0,0,0,0,1,1,3,1,0,0,1,0,0,0,0,0,0,0,0,0,0,0,0,0,0,24,1,0,true
C:\Users\sugii syuji\jsoup\src\main\java\org\jsoup\nodes\Element.java,org.jsoup.nodes.Element,nextElementSiblings/0,false,1179,2,1,0,1,1,1,3,1,0,0,1,1,1,0,0,0,0,0,0,0,0,0,0,0,0,23,1,0,true
C:\Users\sugii syuji\jsoup\src\main\java\org\jsoup\nodes\Element.java,org.jsoup.nodes.Element,nodeName/0,false,159,0,0,0,0,1,1,3,1,0,0,1,0,0,0,0,0,0,0,0,0,0,0,0,0,0,2,1,0,false
C:\Users\sugii syuji\jsoup\src\main\java\org\jsoup\nodes\Element.java,org.jsoup.nodes.Element,"getElementsByAttributeValueMatching/2[java.lang.String,java.lang.String]",false,1416,3,0,0,0,2,2,10,1,1,2,2,0,0,0,0,1,0,1,0,1,1,1,0,0,0,49,1,0,true
C:\Users\sugii syuji\jsoup\src\main\java\org\jsoup\nodes\Element.java,org.jsoup.nodes.Element,invalidateChildren/0,false,2104,0,0,0,0,1,0,3,0,0,0,0,0,0,0,0,0,0,0,0,1,0,0,0,0,0,3,0,0,false
C:\Users\sugii syuji\jsoup\src\main\java\org\jsoup\nodes\Element.java,org.jsoup.nodes.Element,getElementsByIndexEquals/1[int],false,1449,2,0,0,0,1,1,3,1,0,1,1,0,0,0,0,0,0,0,0,0,0,0,0,0,0,16,1,0,true
C:\Users\sugii syuji\jsoup\src\main\java\org\jsoup\nodes\Element.java,org.jsoup.nodes.Element,endSourceRange/0,false,1919,1,0,0,0,1,1,3,1,0,0,1,0,0,0,0,0,0,0,0,0,0,0,0,0,0,26,1,0,true
C:\Users\sugii syuji\jsoup\src\main\java\org\jsoup\nodes\Element.java,org.jsoup.nodes.Element,stashChildren/1[java.util.List<org.jsoup.nodes.Element>],false,440,2,3,1,2,1,4,6,0,2,1,4,1,1,0,0,0,0,0,0,2,0,0,0,0,0,12,2,0,true
C:\Users\sugii syuji\jsoup\src\main\java\org\jsoup\nodes\Element.java,org.jsoup.nodes.Element,hasValidChildren/0,false,2108,0,0,0,0,1,0,3,1,0,0,0,0,0,0,0,0,0,0,0,0,0,0,0,0,0,3,0,0,false
C:\Users\sugii syuji\jsoup\src\main\java\org\jsoup\nodes\Element.java,org.jsoup.nodes.Element,appendTo/1[org.jsoup.nodes.Element],false,844,1,1,0,1,1,2,5,1,0,1,2,1,2,0,0,0,0,0,0,0,0,0,0,0,0,21,1,0,true
C:\Users\sugii syuji\jsoup\src\main\java\org\jsoup\nodes\Element.java,org.jsoup.nodes.Element,"insertChildren/2[int,java.util.Collection<? extends org.jsoup.nodes.Node>]",false,885,2,3,2,1,4,5,8,1,1,2,5,1,1,0,0,0,0,2,4,2,1,1,0,0,0,40,1,0,true
C:\Users\sugii syuji\jsoup\src\main\java\org\jsoup\nodes\Element.java,org.jsoup.nodes.Element,stream/0,false,453,1,1,1,0,1,1,3,1,0,0,1,0,0,0,0,0,0,0,0,0,0,0,0,0,0,14,1,0,true
C:\Users\sugii syuji\jsoup\src\main\java\org\jsoup\nodes\Element.java,org.jsoup.nodes.Element,attributes/0,false,125,1,6,6,0,2,0,4,1,0,0,0,0,0,0,1,0,0,0,0,1,0,1,0,0,0,3,1,0,false
C:\Users\sugii syuji\jsoup\src\main\java\org\jsoup\nodes\Element.java,org.jsoup.nodes.Element,"outerHtmlHead/2[org.jsoup.nodes.QuietAppendable,Document.OutputSettings]",false,1924,3,1,0,1,10,11,20,0,2,2,11,1,2,0,2,0,3,2,0,2,0,2,0,0,0,15,0,0,false
C:\Users\sugii syuji\jsoup\src\main\java\org\jsoup\nodes\Element.java,org.jsoup.nodes.Element,filterNodes/1[java.lang.Class<T>],false,457,1,0,0,0,1,6,3,1,0,1,6,0,0,0,0,0,0,0,0,0,0,0,0,0,0,3,2,0,false
C:\Users\sugii syuji\jsoup\src\main\java\org\jsoup\nodes\Element.java,org.jsoup.nodes.Element,tagName/1[java.lang.String],false,203,1,1,0,1,1,2,3,1,0,1,2,1,1,0,0,0,0,0,0,0,0,0,0,0,0,15,1,0,true
C:\Users\sugii syuji\jsoup\src\main\java\org\jsoup\nodes\Element.java,org.jsoup.nodes.Element,"expectFirstNode/2[java.lang.String,java.lang.Class<T>]",false,708,2,3,0,3,2,4,3,1,0,2,4,3,1,0,1,0,0,2,0,0,0,0,0,0,0,44,1,0,true
C:\Users\sugii syuji\jsoup\src\main\java\org\jsoup\nodes\Element.java,org.jsoup.nodes.Element,tag/0,false,229,1,1,1,0,1,0,3,1,0,0,0,0,0,0,0,0,0,0,0,0,0,0,0,0,0,5,1,0,true
C:\Users\sugii syuji\jsoup\src\main\java\org\jsoup\nodes\Element.java,org.jsoup.nodes.Element,reindexChildren/0,false,2096,0,0,0,0,2,3,7,0,2,0,3,0,0,1,0,0,0,0,1,3,0,1,0,0,0,5,0,0,false
C:\Users\sugii syuji\jsoup\src\main\java\org\jsoup\nodes\Element.java,org.jsoup.nodes.Element,prependElement/1[java.lang.String],false,945,1,1,0,1,1,2,3,1,0,1,2,1,4,0,0,0,0,0,0,0,0,0,0,0,0,21,1,0,true
C:\Users\sugii syuji\jsoup\src\main\java\org\jsoup\nodes\Element.java,org.jsoup.nodes.Element,"attr/2[java.lang.String,java.lang.String]",false,281,1,4,4,0,1,1,4,1,0,2,1,0,0,0,0,0,0,0,0,0,0,0,0,0,0,18,1,0,true
C:\Users\sugii syuji\jsoup\src\main\java\org\jsoup\nodes\Element.java,org.jsoup.nodes.Element,dataNodes/0,false,493,2,1,0,1,1,1,3,1,0,0,1,0,0,0,0,0,0,0,0,0,0,0,0,0,0,28,1,0,true
C:\Users\sugii syuji\jsoup\src\main\java\org\jsoup\nodes\Element.java,org.jsoup.nodes.Element,is/1[org.jsoup.nodes.Evaluator],false,734,2,1,0,1,1,2,3,1,0,1,2,1,1,0,0,0,0,0,0,0,0,0,0,0,0,9,1,0,true
C:\Users\sugii syuji\jsoup\src\main\java\org\jsoup\nodes\Element.java,org.jsoup.nodes.Element,isBlock/0,false,251,0,1,1,0,1,1,3,1,0,0,1,0,0,0,0,0,0,0,0,0,0,0,0,0,0,15,1,0,true
C:\Users\sugii syuji\jsoup\src\main\java\org\jsoup\nodes\Element.java,org.jsoup.nodes.Element,selectXpath/1[java.lang.String],false,786,2,0,0,0,1,1,3,1,0,1,1,0,0,0,0,0,0,0,0,0,0,0,0,0,0,59,1,0,true
C:\Users\sugii syuji\jsoup\src\main\java\org\jsoup\nodes\Element.java,org.jsoup.nodes.Element,wholeText/0,false,1597,1,1,0,1,1,2,3,1,0,0,2,1,1,0,0,0,0,0,0,0,0,0,0,0,0,23,1,0,true
C:\Users\sugii syuji\jsoup\src\main\java\org\jsoup\nodes\Element.java,org.jsoup.nodes.Element,"getElementsByAttributeValueContaining/2[java.lang.String,java.lang.String]",false,1396,2,0,0,0,1,1,3,1,0,2,1,0,0,0,0,0,0,0,0,0,0,0,0,0,0,26,1,0,true
C:\Users\sugii syuji\jsoup\src\main\java\org\jsoup\nodes\Element.java,org.jsoup.nodes.Element,before/1[org.jsoup.nodes.Node],false,1034,2,0,0,0,1,1,3,1,0,1,1,0,0,0,0,0,0,0,0,0,0,0,0,0,0,19,1,0,true
C:\Users\sugii syuji\jsoup\src\main\java\org\jsoup\nodes\Element.java,org.jsoup.nodes.Element,getElementsContainingText/1[java.lang.String],false,1460,2,0,0,0,1,1,3,1,0,1,1,0,0,0,0,0,0,0,0,0,0,0,0,0,0,24,1,0,true
C:\Users\sugii syuji\jsoup\src\main\java\org\jsoup\nodes\Element.java,org.jsoup.nodes.Element,"appendElement/2[java.lang.String,java.lang.String]",false,931,2,4,1,3,1,6,6,1,2,2,6,2,4,0,0,0,0,0,0,2,0,0,0,0,0,24,1,0,true
C:\Users\sugii syuji\jsoup\src\main\java\org\jsoup\nodes\Element.java,org.jsoup.nodes.Element,clone/0,false,1995,1,0,0,0,1,1,3,1,0,0,1,0,0,0,0,0,0,0,0,0,0,0,0,0,0,2,1,0,false
C:\Users\sugii syuji\jsoup\src\main\java\org\jsoup\nodes\Element.java,org.jsoup.nodes.Element,attribute/1[java.lang.String],false,308,3,2,0,2,2,3,3,1,0,1,3,2,1,0,0,0,0,0,0,0,0,0,0,0,0,21,1,0,true
C:\Users\sugii syuji\jsoup\src\main\java\org\jsoup\nodes\Element.java,org.jsoup.nodes.Element,ownText/1[java.lang.StringBuilder],false,1647,3,3,1,2,5,6,12,0,3,1,6,2,3,1,0,0,0,2,1,3,0,2,0,0,0,16,2,0,false
C:\Users\sugii syuji\jsoup\src\main\java\org\jsoup\nodes\Element.java,org.jsoup.nodes.Element,root/0,false,2039,1,2,2,0,1,1,3,1,0,0,1,0,0,0,0,0,0,0,0,0,0,0,0,0,0,2,1,0,false
C:\Users\sugii syuji\jsoup\src\main\java\org\jsoup\nodes\Element.java,org.jsoup.nodes.Element,child/1[int],false,359,2,1,0,1,6,5,13,2,5,1,5,1,1,1,2,0,0,2,3,5,1,3,0,0,0,53,1,0,true
C:\Users\sugii syuji\jsoup\src\main\java\org\jsoup\nodes\Element.java,org.jsoup.nodes.Element,cssSelector/0,false,1115,2,3,0,3,5,8,17,2,4,0,8,3,8,1,1,0,1,0,2,6,0,2,0,0,0,44,1,0,true
C:\Users\sugii syuji\jsoup\src\main\java\org\jsoup\nodes\Element.java,org.jsoup.nodes.Element,val/1[java.lang.String],false,1902,1,3,0,3,2,3,5,1,0,1,3,3,3,0,0,0,0,2,0,0,0,1,0,0,0,16,1,0,true
C:\Users\sugii syuji\jsoup\src\main\java\org\jsoup\nodes\Element.java,org.jsoup.nodes.Element,"elementIs/2[java.lang.String,java.lang.String]",false,191,0,2,2,0,1,3,3,1,0,2,3,0,0,0,0,0,0,0,0,0,0,0,0,0,0,19,1,0,true
C:\Users\sugii syuji\jsoup\src\main\java\org\jsoup\nodes\Element.java,org.jsoup.nodes.Element,"appendNormalisedText/2[java.lang.StringBuilder,org.jsoup.nodes.TextNode]",false,1659,3,3,2,1,3,5,5,0,1,2,5,1,2,0,0,0,0,0,0,1,0,1,0,0,0,12,10,0,false
C:\Users\sugii syuji\jsoup\src\main\java\org\jsoup\nodes\Element.java,org.jsoup.nodes.Element,html/1[java.lang.String],false,1988,1,2,0,2,1,2,5,1,0,1,2,2,4,0,0,0,0,0,0,0,0,0,0,0,0,19,1,0,true
C:\Users\sugii syuji\jsoup\src\main\java\org\jsoup\nodes\Element.java,org.jsoup.nodes.Element,shallowClone/0,false,2000,1,2,0,2,3,3,5,1,1,0,3,1,3,0,1,0,0,0,0,2,0,1,0,0,0,6,1,0,false
C:\Users\sugii syuji\jsoup\src\main\java\org\jsoup\nodes\Element.java,org.jsoup.nodes.Element,getElementsContainingOwnText/1[java.lang.String],false,1471,2,0,0,0,1,1,3,1,0,1,1,0,0,0,0,0,0,0,0,0,0,0,0,0,0,26,1,0,true
C:\Users\sugii syuji\jsoup\src\main\java\org\jsoup\nodes\Element.java,org.jsoup.nodes.Element,getElementById/1[java.lang.String],false,1297,3,0,0,0,1,2,4,1,0,1,2,0,0,0,0,0,0,0,0,0,0,0,0,0,0,41,1,0,true
C:\Users\sugii syuji\jsoup\src\main\java\org\jsoup\nodes\Element.java,org.jsoup.nodes.Element,getElementsMatchingText/1[java.lang.String],false,1491,3,0,0,0,2,2,10,1,1,1,2,0,0,0,0,1,0,1,0,1,1,1,0,0,0,40,1,0,true
C:\Users\sugii syuji\jsoup\src\main\java\org\jsoup\nodes\Element.java,org.jsoup.nodes.Element,"selectXpath/2[java.lang.String,java.lang.Class<T>]",false,803,1,0,0,0,1,1,3,1,0,2,1,0,0,0,0,0,0,0,0,0,0,0,0,0,0,44,1,0,true
C:\Users\sugii syuji\jsoup\src\main\java\org\jsoup\nodes\Element.java,org.jsoup.nodes.Element,tag/1[org.jsoup.nodes.Tag],false,239,2,0,0,0,1,1,5,1,0,1,1,0,0,0,0,0,0,0,0,1,0,0,0,0,0,7,1,0,true
C:\Users\sugii syuji\jsoup\src\main\java\org\jsoup\nodes\Element.java,org.jsoup.nodes.Element,traverse/1[org.jsoup.nodes.NodeVisitor],false,2044,2,1,1,0,1,1,3,1,0,1,1,0,0,0,0,0,0,0,0,0,0,0,0,0,0,5,1,0,false
C:\Users\sugii syuji\jsoup\src\main\java\org\jsoup\nodes\Element.java,org.jsoup.nodes.Element,getElementsByClass/1[java.lang.String],false,1313,2,0,0,0,1,2,4,1,0,1,2,0,0,0,0,0,0,0,0,0,0,0,0,0,0,35,1,0,true
C:\Users\sugii syuji\jsoup\src\main\java\org\jsoup\nodes\Element.java,org.jsoup.nodes.Element,ownText/0,false,1641,1,1,0,1,1,4,5,1,1,0,4,1,4,0,0,0,0,0,0,1,0,0,0,0,0,45,1,0,true
C:\Users\sugii syuji\jsoup\src\main\java\org\jsoup\nodes\Element.java,org.jsoup.nodes.Element,firstElementSibling/0,false,1204,1,2,0,2,2,2,6,2,0,0,2,2,1,0,1,0,0,0,0,0,0,1,0,0,0,18,1,0,true
C:\Users\sugii syuji\jsoup\src\main\java\org\jsoup\nodes\Element.java,org.jsoup.nodes.Element,wholeTextOf/1[java.util.stream.Stream<org.jsoup.nodes.Node>],false,1609,2,2,2,0,3,5,8,4,1,1,5,0,0,0,0,0,1,4,0,0,0,2,0,0,1,6,10,0,false
C:\Users\sugii syuji\jsoup\src\main\java\org\jsoup\nodes\Element.java,org.jsoup.nodes.Element,nodeValue/0,false,1605,1,1,0,1,1,1,3,1,0,0,1,1,2,0,0,0,0,0,0,0,0,0,0,0,0,9,1,0,true
C:\Users\sugii syuji\jsoup\src\main\java\org\jsoup\nodes\Element.java,org.jsoup.nodes.Element,text/1[java.lang.String],false,1689,3,4,1,3,2,5,7,1,0,1,5,3,2,0,0,0,0,0,0,0,0,1,0,0,0,30,1,0,true
C:\Users\sugii syuji\jsoup\src\main\java\org\jsoup\nodes\Element.java,org.jsoup.nodes.Element,removeAttr/1[java.lang.String],false,2034,1,0,0,0,1,1,3,1,0,1,1,0,0,0,0,0,0,0,0,0,0,0,0,0,0,5,1,0,false
C:\Users\sugii syuji\jsoup\src\main\java\org\jsoup\nodes\Element.java,org.jsoup.nodes.Element,classNames/0,false,1763,1,5,4,1,1,4,6,1,2,0,4,1,2,0,0,0,0,1,0,2,0,0,0,0,0,29,1,0,true
C:\Users\sugii syuji\jsoup\src\main\java\org\jsoup\nodes\Element.java,org.jsoup.nodes.Element,"indexInList/2[org.jsoup.nodes.Element,java.util.List<E>]",false,1234,2,0,0,0,3,2,7,2,2,2,2,0,0,1,1,0,0,0,2,2,0,2,0,0,0,8,10,0,false
C:\Users\sugii syuji\jsoup\src\main\java\org\jsoup\nodes\Element.java,org.jsoup.nodes.Element,prependChildren/1[java.util.Collection<? extends org.jsoup.nodes.Node>],false,870,1,1,0,1,1,1,4,1,0,1,1,1,2,0,0,0,0,0,1,0,0,0,0,0,0,15,1,0,true
C:\Users\sugii syuji\jsoup\src\main\java\org\jsoup\nodes\Element.java,org.jsoup.nodes.Element,html/0,false,1962,1,1,0,1,2,6,6,1,2,0,6,0,0,0,0,0,0,0,0,2,0,0,0,0,0,17,1,0,true
C:\Users\sugii syuji\jsoup\src\main\java\org\jsoup\nodes\Element.java,org.jsoup.nodes.Element,appendElement/1[java.lang.String],false,920,1,1,0,1,1,2,3,1,0,1,2,1,5,0,0,0,0,0,0,0,0,0,0,0,0,21,1,0,true
C:\Users\sugii syuji\jsoup\src\main\java\org\jsoup\nodes\Element.java,org.jsoup.nodes.Element,previousElementSiblings/0,false,1188,2,1,0,1,1,1,3,1,0,0,1,1,1,0,0,0,0,0,0,0,0,0,0,0,0,19,1,0,true
C:\Users\sugii syuji\jsoup\src\main\java\org\jsoup\nodes\Element.java,org.jsoup.nodes.Element,getElementsByAttribute/1[java.lang.String],false,1325,2,0,0,0,1,3,5,1,0,1,3,0,0,0,0,0,0,0,0,1,0,0,0,0,0,19,1,0,true
C:\Users\sugii syuji\jsoup\src\main\java\org\jsoup\nodes\Element.java,org.jsoup.nodes.Element,wholeOwnText/0,false,1626,1,2,1,1,1,2,3,1,0,0,2,1,1,0,0,0,0,0,0,0,0,0,0,0,0,27,1,0,true
C:\Users\sugii syuji\jsoup\src\main\java\org\jsoup\nodes\Element.java,org.jsoup.nodes.Element,children/0,false,398,2,1,0,1,1,1,3,1,0,0,1,1,3,0,0,0,0,0,0,0,0,0,0,0,0,22,1,0,true
C:\Users\sugii syuji\jsoup\src\main\java\org\jsoup\nodes\Element.java,org.jsoup.nodes.Element,after/1[org.jsoup.nodes.Node],false,1057,2,0,0,0,1,1,3,1,0,1,1,0,0,0,0,0,0,0,0,0,0,0,0,0,0,19,1,0,true
C:\Users\sugii syuji\jsoup\src\main\java\org\jsoup\nodes\Element.java,org.jsoup.nodes.Element,text/0,false,1552,1,2,1,1,1,4,5,1,1,0,4,0,0,0,0,0,0,0,0,1,0,0,0,0,0,61,1,0,true
C:\Users\sugii syuji\jsoup\src\main\java\org\jsoup\nodes\Element.java,org.jsoup.nodes.Element,hasText/0,false,1705,2,1,0,1,3,4,15,3,4,0,4,1,1,0,0,0,0,0,0,2,0,3,0,0,1,24,1,0,true
C:\Users\sugii syuji\jsoup\src\main\java\org\jsoup\nodes\Element.java,org.jsoup.nodes.Element,"selectNodes/2[org.jsoup.nodes.Evaluator,java.lang.Class<T>]",false,647,3,0,0,0,1,2,4,1,0,2,2,0,0,0,0,0,0,0,0,0,0,0,0,0,0,37,1,0,true
C:\Users\sugii syuji\jsoup\src\main\java\org\jsoup\nodes\Element.java,org.jsoup.nodes.Element,firstElementChild/0,false,1250,3,1,1,0,3,2,8,2,3,0,2,0,0,1,0,0,0,0,1,3,0,2,0,0,0,17,1,0,true
C:\Users\sugii syuji\jsoup\src\main\java\org\jsoup\nodes\Element.java,org.jsoup.nodes.Element,childrenSize/0,false,385,1,2,0,2,2,3,4,2,0,0,3,2,3,0,1,0,0,0,2,0,0,1,0,0,0,32,1,0,true
C:\Users\sugii syuji\jsoup\src\main\java\org\jsoup\nodes\Element.java,org.jsoup.nodes.Element,after/1[java.lang.String],false,1046,1,0,0,0,1,1,3,1,0,1,1,0,0,0,0,0,0,0,0,0,0,0,0,0,0,21,1,0,true
C:\Users\sugii syuji\jsoup\src\main\java\org\jsoup\nodes\Element.java,org.jsoup.nodes.Element,id/1[java.lang.String],false,269,1,1,0,1,1,2,5,1,0,1,2,1,1,0,0,0,0,1,0,0,0,0,0,0,0,13,1,0,true
C:\Users\sugii syuji\jsoup\src\main\java\org\jsoup\nodes\Element.java,org.jsoup.nodes.Element,childElementsList/0,false,406,1,8,4,4,3,4,11,2,1,0,4,3,2,0,2,0,0,0,1,2,0,2,0,0,0,25,0,0,true
C:\Users\sugii syuji\jsoup\src\main\java\org\jsoup\nodes\Element.java,org.jsoup.nodes.Element,classNames/1[java.util.Set<java.lang.String>],false,1776,1,4,3,1,2,6,10,1,0,1,6,1,1,0,0,0,0,3,0,0,0,1,0,0,0,13,1,0,true
C:\Users\sugii syuji\jsoup\src\main\java\org\jsoup\nodes\Element.java,org.jsoup.nodes.Element,data/0,false,1729,4,1,0,1,4,7,19,1,6,0,7,1,1,0,0,0,0,0,0,4,0,2,0,0,1,39,1,0,true
C:\Users\sugii syuji\jsoup\src\main\java\org\jsoup\nodes\Element.java,org.jsoup.nodes.Element,lastElementChild/0,false,1266,3,1,1,0,3,2,7,2,2,0,2,0,0,1,0,0,0,0,2,2,1,2,0,0,0,17,1,0,true
C:\Users\sugii syuji\jsoup\src\main\java\org\jsoup\nodes\Element.java,org.jsoup.nodes.Element,doClone/1[org.jsoup.nodes.Node],false,2008,4,1,0,1,2,5,10,1,1,1,5,0,0,0,1,0,0,0,0,3,0,1,0,0,0,11,4,0,false
C:\Users\sugii syuji\jsoup\src\main\java\org\jsoup\nodes\Element.java,org.jsoup.nodes.Element,select/1[org.jsoup.nodes.Evaluator],false,530,2,0,0,0,1,1,3,1,0,1,1,0,0,0,0,0,0,0,0,0,0,0,0,0,0,44,1,0,true
C:\Users\sugii syuji\jsoup\src\main\java\org\jsoup\nodes\Element.java,org.jsoup.nodes.Element,closest/1[org.jsoup.nodes.Evaluator],false,756,3,2,0,2,3,4,11,2,2,1,4,2,1,1,1,0,0,0,0,3,0,2,0,0,0,31,1,0,true
C:\Users\sugii syuji\jsoup\src\main\java\org\jsoup\nodes\Element.java,org.jsoup.nodes.Element,prependChild/1[org.jsoup.nodes.Node],false,856,2,2,2,0,1,2,5,1,0,1,2,0,0,0,0,0,0,0,1,0,0,0,0,0,0,21,1,0,true
C:\Users\sugii syuji\jsoup\src\main\java\org\jsoup\nodes\Element.java,org.jsoup.nodes.Element,"selectNodes/2[java.lang.String,java.lang.Class<T>]",false,665,3,2,1,1,1,3,4,1,0,2,3,0,0,0,0,0,0,0,0,0,0,0,0,0,0,52,1,0,true
C:\Users\sugii syuji\jsoup\src\main\java\org\jsoup\nodes\Element.java,org.jsoup.nodes.Element,"Element/2[java.lang.String,java.lang.String]",true,64,0,2,2,0,1,1,3,0,0,2,1,0,0,0,0,0,0,0,0,0,0,0,0,0,0,11,1,0,true
C:\Users\sugii syuji\jsoup\src\main\java\org\jsoup\nodes\Element.java,org.jsoup.nodes.Element,textNodes/0,false,480,2,1,0,1,1,1,3,1,0,0,1,0,0,0,0,0,0,0,0,0,0,0,0,0,0,37,1,0,true
C:\Users\sugii syuji\jsoup\src\main\java\org\jsoup\nodes\Element.java,org.jsoup.nodes.Element,parents/0,false,338,2,1,0,1,3,3,9,1,2,0,3,1,1,1,1,0,0,1,0,3,0,1,0,0,0,16,1,0,true
C:\Users\sugii syuji\jsoup\src\main\java\org\jsoup\nodes\Element.java,org.jsoup.nodes.Element,appendChildren/1[java.util.Collection<? extends org.jsoup.nodes.Node>],false,833,1,1,0,1,1,1,4,1,0,1,1,1,2,0,0,0,0,0,1,0,0,0,0,0,0,15,1,0,true
C:\Users\sugii syuji\jsoup\src\main\java\org\jsoup\nodes\Element.java,org.jsoup.nodes.Element,getElementsByAttributeStarting/1[java.lang.String],false,1338,2,0,0,0,1,3,5,1,0,1,3,0,0,0,0,0,0,0,0,1,0,0,0,0,0,32,1,0,true
C:\Users\sugii syuji\jsoup\src\main\java\org\jsoup\nodes\Element.java,org.jsoup.nodes.Element,getElementsByIndexGreaterThan/1[int],false,1440,2,0,0,0,1,1,3,1,0,1,1,0,0,0,0,0,0,0,0,0,0,0,0,0,0,17,1,0,true
C:\Users\sugii syuji\jsoup\src\main\java\org\jsoup\nodes\Element.java,org.jsoup.nodes.Element,append/1[java.lang.String],false,995,2,2,1,1,1,6,6,1,1,1,6,1,3,0,0,0,0,0,1,1,0,0,0,0,0,28,1,0,true
C:\Users\sugii syuji\jsoup\src\main\java\org\jsoup\nodes\Element.java,org.jsoup.nodes.Element,tagName/0,false,169,0,4,4,0,1,1,3,1,0,0,1,0,0,0,0,0,0,0,0,0,0,0,0,0,0,15,1,0,true
C:\Users\sugii syuji\jsoup\src\main\java\org\jsoup\nodes\Element.java,org.jsoup.nodes.Element,"tagName/2[java.lang.String,java.lang.String]",false,216,2,1,1,0,1,5,7,1,1,2,5,0,0,0,0,0,0,2,0,2,0,0,0,0,0,18,1,0,true
C:\Users\sugii syuji\jsoup\src\main\java\org\jsoup\nodes\Element.java,org.jsoup.nodes.Element,cssSelectorComponent/0,false,1135,2,6,1,5,5,21,10,2,3,0,21,5,6,0,1,0,0,5,3,3,1,1,0,0,0,18,2,0,false
C:\Users\sugii syuji\jsoup\src\main\java\org\jsoup\nodes\Element.java,org.jsoup.nodes.Element,"outerHtmlTail/2[org.jsoup.nodes.QuietAppendable,Document.OutputSettings]",false,1944,3,1,0,1,2,4,3,0,0,2,4,1,2,0,0,0,0,1,0,0,0,1,0,0,0,9,0,0,false
C:\Users\sugii syuji\jsoup\src\main\java\org\jsoup\nodes\Element.java,org.jsoup.nodes.Element,siblingElements/0,false,1160,2,2,0,2,4,4,7,2,2,0,4,2,3,1,2,0,0,0,2,2,1,2,0,0,0,29,1,0,true
C:\Users\sugii syuji\jsoup\src\main\java\org\jsoup\nodes\Element.java,org.jsoup.nodes.Element,html/1[T],false,1970,3,0,0,0,3,5,11,1,2,1,5,0,0,1,2,0,0,0,0,3,0,2,0,0,0,11,1,0,false
C:\Users\sugii syuji\jsoup\src\main\java\org\jsoup\nodes\Element.java,org.jsoup.nodes.Element,appendChild/1[org.jsoup.nodes.Node],false,815,2,5,4,1,1,6,8,1,0,1,6,1,1,0,0,0,0,0,1,0,1,0,0,0,0,21,1,0,true
C:\Users\sugii syuji\jsoup\src\main\java\org\jsoup\nodes\Element.java,org.jsoup.nodes.Element,lastElementSibling/0,false,1226,1,2,0,2,2,2,6,2,0,0,2,2,1,0,1,0,0,0,0,0,0,1,0,0,0,18,1,0,true
C:\Users\sugii syuji\jsoup\src\main\java\org\jsoup\nodes\Element.java,org.jsoup.nodes.Element,getElementsMatchingText/1[java.util.regex.Pattern],false,1481,2,0,0,0,1,1,3,1,0,1,1,0,0,0,0,0,0,0,0,0,0,0,0,0,0,19,1,0,true
C:\Users\sugii syuji\jsoup\src\main\java\org\jsoup\nodes\Element.java,org.jsoup.nodes.Element,id/0,false,260,0,1,1,0,2,1,3,1,0,0,1,0,0,0,1,0,0,2,0,0,0,0,0,0,0,12,1,0,true
C:\Users\sugii syuji\jsoup\src\main\java\org\jsoup\nodes\Element.java,org.jsoup.nodes.Element,nextElementSiblings/1[boolean],false,1192,1,2,2,0,3,3,6,2,1,1,3,0,0,0,1,0,0,0,0,1,0,1,0,0,0,8,2,0,false
C:\Users\sugii syuji\jsoup\src\main\java\org\jsoup\nodes\Element.java,org.jsoup.nodes.Element,prependText/1[java.lang.String],false,982,2,1,0,1,1,2,6,1,1,1,2,1,1,0,0,0,0,0,0,1,0,0,0,0,0,15,1,0,true
C:\Users\sugii syuji\jsoup\src\main\java\org\jsoup\nodes\Element.java,org.jsoup.nodes.Element,uniqueIdSelector/1[org.jsoup.nodes.Document],false,1092,4,2,1,1,5,6,14,3,3,1,6,1,1,0,3,0,0,1,2,3,1,3,0,0,0,31,2,0,true
C:\Users\sugii syuji\jsoup\src\main\java\org\jsoup\nodes\Element.java,org.jsoup.nodes.Element,"getElementsByAttributeValueStarting/2[java.lang.String,java.lang.String]",false,1374,2,0,0,0,1,1,3,1,0,2,1,0,0,0,0,0,0,0,0,0,0,0,0,0,0,22,1,0,true
C:\Users\sugii syuji\jsoup\src\main\java\org\jsoup\select\Evaluator.java,org.jsoup.select.Evaluator$IsOnlyChild,toString/0,false,750,0,0,0,0,1,0,3,1,0,0,0,0,0,0,0,0,0,1,0,0,0,0,0,0,0,2,1,0,false
C:\Users\sugii syuji\jsoup\src\main\java\org\jsoup\select\Evaluator.java,org.jsoup.select.Evaluator$IsOnlyChild,"matches/2[org.jsoup.select.Element,org.jsoup.select.Element]",false,745,2,0,0,0,2,3,4,1,1,2,3,0,0,0,1,0,1,0,0,1,0,0,0,0,0,6,1,0,false
C:\Users\sugii syuji\jsoup\src\main\java\org\jsoup\select\Evaluator.java,org.jsoup.select.Evaluator$IsNthChild,"IsNthChild/2[int,int]",true,611,0,0,0,0,1,0,3,0,0,2,0,0,0,0,0,0,0,0,0,0,0,0,0,0,0,4,1,0,false
C:\Users\sugii syuji\jsoup\src\main\java\org\jsoup\select\Evaluator.java,org.jsoup.select.Evaluator$IsNthChild,getPseudoClass/0,false,621,0,0,0,0,1,0,3,1,0,0,0,0,0,0,0,0,0,1,0,0,0,0,0,0,0,3,4,0,false
C:\Users\sugii syuji\jsoup\src\main\java\org\jsoup\select\Evaluator.java,org.jsoup.select.Evaluator$IsNthChild,"calculatePosition/2[org.jsoup.select.Element,org.jsoup.select.Element]",false,616,1,0,0,0,1,1,3,1,0,2,1,0,0,0,0,0,0,0,1,0,1,0,0,0,0,4,4,0,false
C:\Users\sugii syuji\jsoup\src\main\java\org\jsoup\helper\Regex.java,org.jsoup.helper.Regex,compile/1[java.lang.String],false,35,2,2,0,2,4,4,11,2,0,1,4,1,1,0,0,1,0,1,0,0,1,1,0,0,0,28,9,0,true
C:\Users\sugii syuji\jsoup\src\main\java\org\jsoup\helper\Regex.java,org.jsoup.helper.Regex,fromPattern/1[java.util.regex.Pattern],false,48,1,1,0,1,1,0,3,1,0,1,0,0,0,0,0,0,0,0,0,0,0,0,0,0,0,14,9,0,true
C:\Users\sugii syuji\jsoup\src\main\java\org\jsoup\helper\Regex.java,org.jsoup.helper.Regex,hasRe2j/0,false,60,1,0,0,0,5,7,23,3,6,0,7,0,0,0,0,2,0,6,0,6,1,3,0,0,0,29,8,0,false
C:\Users\sugii syuji\jsoup\src\main\java\org\jsoup\helper\Regex.java,org.jsoup.helper.Regex,matcher/1[java.lang.CharSequence],false,86,2,1,0,1,1,1,3,1,0,1,1,0,0,0,0,0,0,0,0,0,0,0,0,0,0,6,1,0,false
C:\Users\sugii syuji\jsoup\src\main\java\org\jsoup\helper\Regex.java,org.jsoup.helper.Regex,Regex/1[java.util.regex.Pattern],true,24,0,2,2,0,1,0,3,0,0,1,0,0,0,0,0,0,0,0,0,1,0,0,0,0,0,3,0,0,false
C:\Users\sugii syuji\jsoup\src\main\java\org\jsoup\helper\Regex.java,org.jsoup.helper.Regex,wantsRe2j/0,false,52,0,1,1,0,1,2,3,1,0,0,2,0,0,0,0,0,0,1,0,0,0,0,0,0,0,2,8,0,false
C:\Users\sugii syuji\jsoup\src\main\java\org\jsoup\helper\Regex.java,org.jsoup.helper.Regex,toString/0,false,91,0,0,0,0,1,1,3,1,0,0,1,0,0,0,0,0,0,0,0,0,0,0,0,0,0,2,1,0,false
C:\Users\sugii syuji\jsoup\src\main\java\org\jsoup\helper\Regex.java,org.jsoup.helper.Regex,wantsRe2j/1[boolean],false,56,0,0,0,0,1,2,3,0,0,1,2,0,0,0,0,0,0,0,0,0,0,0,0,0,0,3,8,0,false
C:\Users\sugii syuji\jsoup\src\main\java\org\jsoup\select\NodeEvaluator.java,org.jsoup.select.NodeEvaluator$ContainsValue,ContainsValue/1[java.lang.String],true,58,0,0,0,0,1,2,3,0,0,1,2,0,0,0,0,0,0,0,0,1,0,0,0,0,0,8,1,0,false
C:\Users\sugii syuji\jsoup\src\main\java\org\jsoup\select\NodeEvaluator.java,org.jsoup.select.NodeEvaluator$ContainsValue,cost/0,false,68,0,0,0,0,1,0,3,1,0,0,0,0,0,0,0,0,0,0,1,0,0,0,0,0,0,1,4,0,false
C:\Users\sugii syuji\jsoup\src\main\java\org\jsoup\select\NodeEvaluator.java,org.jsoup.select.NodeEvaluator$ContainsValue,evaluateMatch/1[org.jsoup.select.Node],false,63,1,0,0,0,1,3,3,1,0,1,3,0,0,0,0,0,0,0,0,0,0,0,0,0,0,8,0,0,false
C:\Users\sugii syuji\jsoup\src\main\java\org\jsoup\select\NodeEvaluator.java,org.jsoup.select.NodeEvaluator$ContainsValue,toString/0,false,73,0,0,0,0,1,1,3,1,0,0,1,0,0,0,0,0,0,1,0,0,0,0,0,0,0,2,1,0,false
C:\Users\sugii syuji\jsoup\src\main\java\org\jsoup\select\Evaluator.java,org.jsoup.select.Evaluator$Class,cost/0,false,197,0,0,0,0,1,0,3,1,0,0,0,0,0,0,0,0,0,0,1,0,0,0,0,0,0,1,4,0,false
C:\Users\sugii syuji\jsoup\src\main\java\org\jsoup\select\Evaluator.java,org.jsoup.select.Evaluator$Class,"matches/2[org.jsoup.select.Element,org.jsoup.select.Element]",false,193,1,0,0,0,1,1,3,1,0,2,1,0,0,0,0,0,1,0,0,0,0,0,0,0,0,5,1,0,false
C:\Users\sugii syuji\jsoup\src\main\java\org\jsoup\select\Evaluator.java,org.jsoup.select.Evaluator$Class,Class/1[java.lang.String],true,188,0,0,0,0,1,0,3,0,0,1,0,0,0,0,0,0,0,0,0,1,0,0,0,0,0,3,1,0,false
C:\Users\sugii syuji\jsoup\src\main\java\org\jsoup\select\Evaluator.java,org.jsoup.select.Evaluator$Class,toString/0,false,202,0,0,0,0,1,1,3,1,0,0,1,0,0,0,0,0,0,1,0,0,0,0,0,0,0,2,1,0,false
C:\Users\sugii syuji\jsoup\src\main\java\org\jsoup\select\Evaluator.java,org.jsoup.select.Evaluator$AttributeKeyPair,"AttributeKeyPair/3[java.lang.String,java.lang.String,boolean]",true,440,0,0,0,0,1,0,3,0,0,3,0,0,0,0,0,0,0,0,0,0,0,0,0,0,0,22,1,0,true
C:\Users\sugii syuji\jsoup\src\main\java\org\jsoup\select\Evaluator.java,org.jsoup.select.Evaluator$AttributeKeyPair,"AttributeKeyPair/2[java.lang.String,java.lang.String]",true,422,0,0,0,0,2,8,8,0,1,2,8,0,0,0,0,0,0,4,2,4,1,1,0,0,0,9,1,0,false
C:\Users\sugii syuji\jsoup\src\main\java\org\jsoup\select\Evaluator.java,org.jsoup.select.Evaluator$MatchesOwn,MatchesOwn/1[org.jsoup.select.Regex],true,962,1,0,0,0,1,0,3,0,0,1,0,0,0,0,0,0,0,0,0,1,0,0,0,0,0,4,1,0,false
C:\Users\sugii syuji\jsoup\src\main\java\org\jsoup\select\Evaluator.java,org.jsoup.select.Evaluator$MatchesOwn,toString/0,false,980,0,0,0,0,1,1,3,1,0,0,1,0,0,0,0,0,0,1,0,0,0,0,0,0,0,2,1,0,false
C:\Users\sugii syuji\jsoup\src\main\java\org\jsoup\select\Evaluator.java,org.jsoup.select.Evaluator$MatchesOwn,MatchesOwn/1[java.util.regex.Pattern],true,966,0,0,0,0,1,1,3,0,0,1,1,0,0,0,0,0,0,0,0,0,0,0,0,0,0,4,1,0,false
C:\Users\sugii syuji\jsoup\src\main\java\org\jsoup\select\Evaluator.java,org.jsoup.select.Evaluator$MatchesOwn,cost/0,false,975,0,0,0,0,1,0,3,1,0,0,0,0,0,0,0,0,0,0,1,0,0,0,0,0,0,1,4,0,false
C:\Users\sugii syuji\jsoup\src\main\java\org\jsoup\select\Evaluator.java,org.jsoup.select.Evaluator$MatchesOwn,"matches/2[org.jsoup.select.Element,org.jsoup.select.Element]",false,971,1,0,0,0,1,3,3,1,0,2,3,0,0,0,0,0,0,0,0,0,0,0,0,0,0,3,1,0,false
C:\Users\sugii syuji\jsoup\src\main\java\org\jsoup\select\Evaluator.java,org.jsoup.select.Evaluator$ContainsWholeOwnText,ContainsWholeOwnText/1[java.lang.String],true,870,0,0,0,0,1,0,3,0,0,1,0,0,0,0,0,0,0,0,0,1,0,0,0,0,0,5,1,0,false
C:\Users\sugii syuji\jsoup\src\main\java\org\jsoup\select\Evaluator.java,org.jsoup.select.Evaluator$ContainsWholeOwnText,toString/0,false,880,0,0,0,0,1,1,3,1,0,0,1,0,0,0,0,0,0,1,0,0,0,0,0,0,0,2,1,0,false
C:\Users\sugii syuji\jsoup\src\main\java\org\jsoup\select\Evaluator.java,org.jsoup.select.Evaluator$ContainsWholeOwnText,"matches/2[org.jsoup.select.Element,org.jsoup.select.Element]",false,875,1,0,0,0,1,2,3,1,0,2,2,0,0,0,0,0,0,0,0,0,0,0,0,0,0,5,1,0,false
C:\Users\sugii syuji\jsoup\src\main\java\org\jsoup\select\Evaluator.java,org.jsoup.select.Evaluator$IsNthLastOfType,"calculatePosition/2[org.jsoup.select.Element,org.jsoup.select.Element]",false,684,1,0,0,0,4,4,11,2,3,2,4,0,0,1,2,0,0,0,2,4,0,2,0,0,0,8,4,0,false
C:\Users\sugii syuji\jsoup\src\main\java\org\jsoup\select\Evaluator.java,org.jsoup.select.Evaluator$IsNthLastOfType,getPseudoClass/0,false,700,0,0,0,0,1,0,3,1,0,0,0,0,0,0,0,0,0,1,0,0,0,0,0,0,0,5,4,0,false
C:\Users\sugii syuji\jsoup\src\main\java\org\jsoup\select\Evaluator.java,org.jsoup.select.Evaluator$IsNthLastOfType,"IsNthLastOfType/2[int,int]",true,679,0,0,0,0,1,0,3,0,0,2,0,0,0,0,0,0,0,0,0,0,0,0,0,0,0,6,1,0,false
C:\Users\sugii syuji\jsoup\src\main\java\org\jsoup\select\Evaluator.java,org.jsoup.select.Evaluator$IsLastOfType,toString/0,false,558,0,0,0,0,1,0,3,1,0,0,0,0,0,0,0,0,0,1,0,0,0,0,0,0,0,3,1,0,false
C:\Users\sugii syuji\jsoup\src\main\java\org\jsoup\select\Evaluator.java,org.jsoup.select.Evaluator$IsLastOfType,IsLastOfType/0,true,554,0,0,0,0,1,0,3,0,0,0,0,0,0,0,0,0,0,0,2,0,0,0,0,0,0,4,1,0,false
C:\Users\sugii syuji\jsoup\src\main\java\org\jsoup\select\Evaluator.java,org.jsoup.select.Evaluator$MatchesWholeOwnText,cost/0,false,1036,0,0,0,0,1,0,3,1,0,0,0,0,0,0,0,0,0,0,1,0,0,0,0,0,0,1,4,0,false
C:\Users\sugii syuji\jsoup\src\main\java\org\jsoup\select\Evaluator.java,org.jsoup.select.Evaluator$MatchesWholeOwnText,toString/0,false,1041,0,0,0,0,1,1,3,1,0,0,1,0,0,0,0,0,0,1,0,0,0,0,0,0,0,2,1,0,false
C:\Users\sugii syuji\jsoup\src\main\java\org\jsoup\select\Evaluator.java,org.jsoup.select.Evaluator$MatchesWholeOwnText,"matches/2[org.jsoup.select.Element,org.jsoup.select.Element]",false,1031,2,0,0,0,1,3,4,1,1,2,3,0,0,0,0,0,0,0,0,1,0,0,0,0,0,4,1,0,false
C:\Users\sugii syuji\jsoup\src\main\java\org\jsoup\select\Evaluator.java,org.jsoup.select.Evaluator$MatchesWholeOwnText,MatchesWholeOwnText/1[org.jsoup.select.Regex],true,1022,1,0,0,0,1,0,3,0,0,1,0,0,0,0,0,0,0,0,0,1,0,0,0,0,0,6,1,0,false
C:\Users\sugii syuji\jsoup\src\main\java\org\jsoup\select\Evaluator.java,org.jsoup.select.Evaluator$MatchesWholeOwnText,MatchesWholeOwnText/1[java.util.regex.Pattern],true,1026,0,0,0,0,1,1,3,0,0,1,1,0,0,0,0,0,0,0,0,0,0,0,0,0,0,6,1,0,false
C:\Users\sugii syuji\jsoup\src\main\java\org\jsoup\select\Evaluator.java,org.jsoup.select.Evaluator$Attribute,Attribute/1[java.lang.String],true,214,0,0,0,0,1,0,3,0,0,1,0,0,0,0,0,0,0,0,0,1,0,0,0,0,0,2,1,0,false
C:\Users\sugii syuji\jsoup\src\main\java\org\jsoup\select\Evaluator.java,org.jsoup.select.Evaluator$Attribute,toString/0,false,228,0,0,0,0,1,1,3,1,0,0,1,0,0,0,0,0,0,1,0,0,0,0,0,0,0,2,1,0,false
C:\Users\sugii syuji\jsoup\src\main\java\org\jsoup\select\Evaluator.java,org.jsoup.select.Evaluator$Attribute,cost/0,false,223,0,0,0,0,1,0,3,1,0,0,0,0,0,0,0,0,0,0,1,0,0,0,0,0,0,1,4,0,false
C:\Users\sugii syuji\jsoup\src\main\java\org\jsoup\select\Evaluator.java,org.jsoup.select.Evaluator$Attribute,"matches/2[org.jsoup.select.Element,org.jsoup.select.Element]",false,219,1,0,0,0,1,1,3,1,0,2,1,0,0,0,0,0,0,0,0,0,0,0,0,0,0,4,1,0,false
C:\Users\sugii syuji\jsoup\src\main\java\org\jsoup\select\Evaluator.java,org.jsoup.select.Evaluator$AttributeStarting,AttributeStarting/1[java.lang.String],true,239,0,0,0,0,1,2,4,0,0,1,2,0,0,0,0,0,0,0,0,1,0,0,0,0,0,6,1,0,false
C:\Users\sugii syuji\jsoup\src\main\java\org\jsoup\select\Evaluator.java,org.jsoup.select.Evaluator$AttributeStarting,toString/0,false,259,0,0,0,0,1,1,3,1,0,0,1,0,0,0,0,0,0,1,0,0,0,0,0,0,0,2,1,0,false
C:\Users\sugii syuji\jsoup\src\main\java\org\jsoup\select\Evaluator.java,org.jsoup.select.Evaluator$AttributeStarting,"matches/2[org.jsoup.select.Element,org.jsoup.select.Element]",false,245,2,0,0,0,3,5,7,2,1,2,5,0,0,1,0,0,0,0,0,1,0,2,0,0,0,11,1,0,false
C:\Users\sugii syuji\jsoup\src\main\java\org\jsoup\select\Evaluator.java,org.jsoup.select.Evaluator$AttributeStarting,cost/0,false,254,0,0,0,0,1,0,3,1,0,0,0,0,0,0,0,0,0,0,1,0,0,0,0,0,0,1,4,0,false
C:\Users\sugii syuji\jsoup\src\main\java\org\jsoup\select\Evaluator.java,org.jsoup.select.Evaluator$ContainsOwnText,"matches/2[org.jsoup.select.Element,org.jsoup.select.Element]",false,917,1,0,0,0,1,3,3,1,0,2,3,0,0,0,0,0,0,0,0,0,0,0,0,0,0,7,1,0,false
C:\Users\sugii syuji\jsoup\src\main\java\org\jsoup\select\Evaluator.java,org.jsoup.select.Evaluator$ContainsOwnText,toString/0,false,922,0,0,0,0,1,1,3,1,0,0,1,0,0,0,0,0,0,1,0,0,0,0,0,0,0,2,1,0,false
C:\Users\sugii syuji\jsoup\src\main\java\org\jsoup\select\Evaluator.java,org.jsoup.select.Evaluator$ContainsOwnText,ContainsOwnText/1[java.lang.String],true,912,0,0,0,0,1,2,3,0,0,1,2,0,0,0,0,0,0,0,0,1,0,0,0,0,0,8,1,0,false
C:\Users\sugii syuji\jsoup\src\main\java\org\jsoup\internal\SharedConstants.java,org.jsoup.internal.SharedConstants,SharedConstants/0,true,26,0,0,0,0,1,0,2,0,0,0,0,0,0,0,0,0,0,0,0,0,0,0,0,0,0,2,2,0,false
C:\Users\sugii syuji\jsoup\src\main\java\org\jsoup\select\Evaluator.java,org.jsoup.select.Evaluator$AttributeWithValueContaining,"matches/2[org.jsoup.select.Element,org.jsoup.select.Element]",false,368,1,0,0,0,1,4,3,1,0,2,4,0,0,0,0,0,0,0,0,0,0,0,0,0,0,7,1,0,false
C:\Users\sugii syuji\jsoup\src\main\java\org\jsoup\select\Evaluator.java,org.jsoup.select.Evaluator$AttributeWithValueContaining,"AttributeWithValueContaining/2[java.lang.String,java.lang.String]",true,363,0,0,0,0,1,0,3,0,0,2,0,0,0,0,0,0,0,0,0,0,0,0,0,0,0,5,1,0,false
C:\Users\sugii syuji\jsoup\src\main\java\org\jsoup\select\Evaluator.java,org.jsoup.select.Evaluator$AttributeWithValueContaining,cost/0,false,372,0,0,0,0,1,0,3,1,0,0,0,0,0,0,0,0,0,0,1,0,0,0,0,0,0,1,4,0,false
C:\Users\sugii syuji\jsoup\src\main\java\org\jsoup\select\Evaluator.java,org.jsoup.select.Evaluator$AttributeWithValueContaining,toString/0,false,377,0,0,0,0,1,1,3,1,0,0,1,0,0,0,0,0,0,1,0,0,0,0,0,0,0,2,1,0,false
C:\Users\sugii syuji\jsoup\src\main\java\org\jsoup\helper\Regex.java,org.jsoup.helper.Regex$Matcher,find/0,false,96,0,0,0,0,1,0,1,0,0,0,0,0,0,0,0,0,0,0,0,0,0,0,0,0,0,1,0,0,false
C:\Users\sugii syuji\jsoup\src\main\java\org\jsoup\select\Evaluator.java,org.jsoup.select.Evaluator$AllElements,cost/0,false,457,0,0,0,0,1,0,3,1,0,0,0,0,0,0,0,0,0,0,1,0,0,0,0,0,0,1,4,0,false
C:\Users\sugii syuji\jsoup\src\main\java\org\jsoup\select\Evaluator.java,org.jsoup.select.Evaluator$AllElements,toString/0,false,462,0,0,0,0,1,0,3,1,0,0,0,0,0,0,0,0,0,1,0,0,0,0,0,0,0,2,1,0,false
C:\Users\sugii syuji\jsoup\src\main\java\org\jsoup\select\Evaluator.java,org.jsoup.select.Evaluator$AllElements,"matches/2[org.jsoup.select.Element,org.jsoup.select.Element]",false,453,1,0,0,0,1,0,3,1,0,2,0,0,0,0,0,0,0,0,0,0,0,0,0,0,0,4,1,0,false
C:\Users\sugii syuji\jsoup\src\main\java\org\jsoup\select\Evaluator.java,org.jsoup.select.Evaluator$IndexLessThan,IndexLessThan/1[int],true,471,0,0,0,0,1,0,3,0,0,1,0,0,0,0,0,0,0,0,0,0,0,0,0,0,0,4,1,0,false
C:\Users\sugii syuji\jsoup\src\main\java\org\jsoup\select\Evaluator.java,org.jsoup.select.Evaluator$IndexLessThan,toString/0,false,481,0,0,0,0,1,1,3,1,0,0,1,0,0,0,0,0,0,1,0,0,0,0,0,0,0,2,1,0,false
C:\Users\sugii syuji\jsoup\src\main\java\org\jsoup\select\Evaluator.java,org.jsoup.select.Evaluator$IndexLessThan,"matches/2[org.jsoup.select.Element,org.jsoup.select.Element]",false,476,1,0,0,0,3,1,3,1,0,2,1,0,0,0,1,0,0,0,0,0,0,0,0,0,0,5,1,0,false
C:\Users\sugii syuji\jsoup\src\main\java\org\jsoup\select\Evaluator.java,org.jsoup.select.Evaluator$AttributeWithValue,"matches/2[org.jsoup.select.Element,org.jsoup.select.Element]",false,274,1,0,0,0,1,3,3,1,0,2,3,0,0,0,0,0,0,0,0,0,0,0,0,0,0,4,1,0,false
C:\Users\sugii syuji\jsoup\src\main\java\org\jsoup\select\Evaluator.java,org.jsoup.select.Evaluator$AttributeWithValue,cost/0,false,278,0,0,0,0,1,0,3,1,0,0,0,0,0,0,0,0,0,0,1,0,0,0,0,0,0,1,4,0,false
C:\Users\sugii syuji\jsoup\src\main\java\org\jsoup\select\Evaluator.java,org.jsoup.select.Evaluator$AttributeWithValue,"AttributeWithValue/2[java.lang.String,java.lang.String]",true,269,0,0,0,0,1,0,3,0,0,2,0,0,0,0,0,0,0,0,0,0,0,0,0,0,0,4,1,0,false
C:\Users\sugii syuji\jsoup\src\main\java\org\jsoup\select\Evaluator.java,org.jsoup.select.Evaluator$AttributeWithValue,toString/0,false,283,0,0,0,0,1,1,3,1,0,0,1,0,0,0,0,0,0,1,0,0,0,0,0,0,0,2,1,0,false
C:\Users\sugii syuji\jsoup\src\main\java\org\jsoup\select\Evaluator.java,org.jsoup.select.Evaluator$AttributeWithValueNot,toString/0,false,307,0,0,0,0,1,1,3,1,0,0,1,0,0,0,0,0,0,1,0,0,0,0,0,0,0,2,1,0,false
C:\Users\sugii syuji\jsoup\src\main\java\org\jsoup\select\Evaluator.java,org.jsoup.select.Evaluator$AttributeWithValueNot,"AttributeWithValueNot/2[java.lang.String,java.lang.String]",true,293,0,0,0,0,1,0,3,0,0,2,0,0,0,0,0,0,0,0,0,0,0,0,0,0,0,5,1,0,false
C:\Users\sugii syuji\jsoup\src\main\java\org\jsoup\select\Evaluator.java,org.jsoup.select.Evaluator$AttributeWithValueNot,"matches/2[org.jsoup.select.Element,org.jsoup.select.Element]",false,298,1,0,0,0,1,2,3,1,0,2,2,0,0,0,0,0,0,0,0,0,0,0,0,0,0,4,1,0,false
C:\Users\sugii syuji\jsoup\src\main\java\org\jsoup\select\Evaluator.java,org.jsoup.select.Evaluator$AttributeWithValueNot,cost/0,false,302,0,0,0,0,1,0,3,1,0,0,0,0,0,0,0,0,0,0,1,0,0,0,0,0,0,1,4,0,false
C:\Users\sugii syuji\jsoup\src\main\java\org\jsoup\select\Evaluator.java,org.jsoup.select.Evaluator$MatchText,"matches/2[org.jsoup.select.Element,org.jsoup.select.Element]",false,1062,3,0,0,0,3,9,10,2,2,2,9,0,0,1,0,0,0,0,0,2,0,1,0,0,0,11,1,0,false
C:\Users\sugii syuji\jsoup\src\main\java\org\jsoup\select\Evaluator.java,org.jsoup.select.Evaluator$MatchText,cost/0,false,1076,0,0,0,0,1,0,3,1,0,0,0,0,0,0,0,0,0,0,1,0,0,0,0,0,0,1,4,0,false
C:\Users\sugii syuji\jsoup\src\main\java\org\jsoup\select\Evaluator.java,org.jsoup.select.Evaluator$MatchText,MatchText/0,true,1053,0,0,0,0,2,1,6,0,0,0,1,0,0,0,0,0,0,1,0,1,0,1,0,0,0,19,1,0,false
C:\Users\sugii syuji\jsoup\src\main\java\org\jsoup\select\Evaluator.java,org.jsoup.select.Evaluator$MatchText,toString/0,false,1081,0,0,0,0,1,0,3,1,0,0,0,0,0,0,0,0,0,1,0,0,0,0,0,0,0,2,1,0,false
C:\Users\sugii syuji\jsoup\src\main\java\org\jsoup\select\NodeEvaluator.java,org.jsoup.select.NodeEvaluator$InstanceType,evaluateMatch/1[org.jsoup.select.Node],false,40,1,0,0,0,1,1,3,1,0,1,1,0,0,0,0,0,0,0,0,0,0,0,0,0,0,4,0,0,false
C:\Users\sugii syuji\jsoup\src\main\java\org\jsoup\select\NodeEvaluator.java,org.jsoup.select.NodeEvaluator$InstanceType,toString/0,false,50,0,0,0,0,1,0,3,1,0,0,0,0,0,0,0,0,0,0,0,0,0,0,0,0,0,3,1,0,false
C:\Users\sugii syuji\jsoup\src\main\java\org\jsoup\select\NodeEvaluator.java,org.jsoup.select.NodeEvaluator$InstanceType,cost/0,false,45,0,0,0,0,1,0,3,1,0,0,0,0,0,0,0,0,0,0,1,0,0,0,0,0,0,1,4,0,false
C:\Users\sugii syuji\jsoup\src\main\java\org\jsoup\select\NodeEvaluator.java,org.jsoup.select.NodeEvaluator$InstanceType,"InstanceType/2[java.lang.Class<? extends org.jsoup.select.Node>,java.lang.String]",true,33,0,0,0,0,1,0,5,0,0,2,0,0,0,0,0,0,0,1,0,2,1,0,0,0,0,5,0,0,false
C:\Users\sugii syuji\jsoup\src\main\java\org\jsoup\select\NodeEvaluator.java,org.jsoup.select.NodeEvaluator$MatchesValue,evaluateMatch/1[org.jsoup.select.Node],false,107,1,0,0,0,1,3,3,1,0,1,3,0,0,0,0,0,0,0,0,0,0,0,0,0,0,4,0,0,false
C:\Users\sugii syuji\jsoup\src\main\java\org\jsoup\select\NodeEvaluator.java,org.jsoup.select.NodeEvaluator$MatchesValue,MatchesValue/1[org.jsoup.select.Regex],true,102,1,0,0,0,1,0,3,0,0,1,0,0,0,0,0,0,0,0,0,1,0,0,0,0,0,4,4,0,false
C:\Users\sugii syuji\jsoup\src\main\java\org\jsoup\select\NodeEvaluator.java,org.jsoup.select.NodeEvaluator$MatchesValue,toString/0,false,117,0,0,0,0,1,1,3,1,0,0,1,0,0,0,0,0,0,1,0,0,0,0,0,0,0,2,1,0,false
C:\Users\sugii syuji\jsoup\src\main\java\org\jsoup\select\NodeEvaluator.java,org.jsoup.select.NodeEvaluator$MatchesValue,cost/0,false,112,0,0,0,0,1,0,3,1,0,0,0,0,0,0,0,0,0,0,1,0,0,0,0,0,0,1,4,0,false
C:\Users\sugii syuji\jsoup\src\main\java\org\jsoup\select\Evaluator.java,org.jsoup.select.Evaluator$ContainsText,ContainsText/1[java.lang.String],true,816,0,0,0,0,1,2,3,0,0,1,2,0,0,0,0,0,0,0,0,1,0,0,0,0,0,7,1,0,false
C:\Users\sugii syuji\jsoup\src\main\java\org\jsoup\select\Evaluator.java,org.jsoup.select.Evaluator$ContainsText,cost/0,false,825,0,0,0,0,1,0,3,1,0,0,0,0,0,0,0,0,0,0,1,0,0,0,0,0,0,1,4,0,false
C:\Users\sugii syuji\jsoup\src\main\java\org\jsoup\select\Evaluator.java,org.jsoup.select.Evaluator$ContainsText,toString/0,false,830,0,0,0,0,1,1,3,1,0,0,1,0,0,0,0,0,0,1,0,0,0,0,0,0,0,2,1,0,false
C:\Users\sugii syuji\jsoup\src\main\java\org\jsoup\select\Evaluator.java,org.jsoup.select.Evaluator$ContainsText,"matches/2[org.jsoup.select.Element,org.jsoup.select.Element]",false,821,1,0,0,0,1,3,3,1,0,2,3,0,0,0,0,0,0,0,0,0,0,0,0,0,0,7,1,0,false
C:\Users\sugii syuji\jsoup\src\main\java\org\jsoup\select\Evaluator.java,org.jsoup.select.Evaluator,asPredicate/1[org.jsoup.select.Element],false,41,2,1,0,1,1,1,3,1,1,1,1,1,1,0,0,0,0,0,0,0,0,0,0,0,1,20,1,0,true
C:\Users\sugii syuji\jsoup\src\main\java\org\jsoup\select\Evaluator.java,org.jsoup.select.Evaluator,wantsNodes/0,false,72,0,1,1,0,1,0,3,1,0,0,0,0,0,0,0,0,0,0,0,0,0,0,0,0,0,3,0,0,false
C:\Users\sugii syuji\jsoup\src\main\java\org\jsoup\select\Evaluator.java,org.jsoup.select.Evaluator,"matches/2[org.jsoup.select.Element,org.jsoup.select.Element]",false,49,1,3,3,0,1,0,1,0,0,2,0,0,0,0,0,0,0,0,0,0,0,0,0,0,0,18,1025,0,true
C:\Users\sugii syuji\jsoup\src\main\java\org\jsoup\select\Evaluator.java,org.jsoup.select.Evaluator,"matches/2[org.jsoup.select.Element,org.jsoup.select.LeafNode]",false,68,2,0,0,0,1,0,3,1,0,2,0,0,0,0,0,0,0,0,0,0,0,0,0,0,0,5,0,0,false
C:\Users\sugii syuji\jsoup\src\main\java\org\jsoup\select\Evaluator.java,org.jsoup.select.Evaluator,cost/0,false,86,0,0,0,0,1,0,3,1,0,0,0,0,0,0,0,0,0,0,1,0,0,0,0,0,0,15,4,0,true
C:\Users\sugii syuji\jsoup\src\main\java\org\jsoup\select\Evaluator.java,org.jsoup.select.Evaluator,Evaluator/0,true,32,0,0,0,0,1,0,2,0,0,0,0,0,0,0,0,0,0,0,0,0,0,0,0,0,0,1,4,0,false
C:\Users\sugii syuji\jsoup\src\main\java\org\jsoup\select\Evaluator.java,org.jsoup.select.Evaluator,asNodePredicate/1[org.jsoup.select.Element],false,45,3,1,0,1,1,1,3,1,1,1,1,1,1,0,0,0,0,0,0,0,0,0,0,0,1,7,0,0,false
C:\Users\sugii syuji\jsoup\src\main\java\org\jsoup\select\Evaluator.java,org.jsoup.select.Evaluator,"matches/2[org.jsoup.select.Element,org.jsoup.select.Node]",false,59,4,2,0,2,4,2,9,3,0,2,2,2,1,0,0,0,0,0,0,0,0,1,0,0,0,8,16,0,false
C:\Users\sugii syuji\jsoup\src\main\java\org\jsoup\select\Evaluator.java,org.jsoup.select.Evaluator,reset/0,false,79,0,0,0,0,1,0,2,0,0,0,0,0,0,0,0,0,0,0,0,0,0,0,0,0,0,11,4,0,true
C:\Users\sugii syuji\jsoup\src\main\java\org\jsoup\select\Evaluator.java,org.jsoup.select.Evaluator$IsRoot,toString/0,false,738,0,0,0,0,1,0,3,1,0,0,0,0,0,0,0,0,0,1,0,0,0,0,0,0,0,2,1,0,false
C:\Users\sugii syuji\jsoup\src\main\java\org\jsoup\select\Evaluator.java,org.jsoup.select.Evaluator$IsRoot,"matches/2[org.jsoup.select.Element,org.jsoup.select.Element]",false,728,2,0,0,0,3,1,4,1,1,2,1,0,0,0,1,0,0,0,0,1,0,0,0,0,0,6,1,0,false
C:\Users\sugii syuji\jsoup\src\main\java\org\jsoup\select\Evaluator.java,org.jsoup.select.Evaluator$IsRoot,cost/0,false,733,0,0,0,0,1,0,3,1,0,0,0,0,0,0,0,0,0,0,1,0,0,0,0,0,0,1,4,0,false
C:\Users\sugii syuji\jsoup\src\main\java\org\jsoup\select\Evaluator.java,org.jsoup.select.Evaluator$IsNthOfType,"calculatePosition/2[org.jsoup.select.Element,org.jsoup.select.Element]",false,657,2,0,0,0,5,5,12,2,5,2,5,0,0,1,2,0,0,0,3,5,0,2,0,0,0,11,4,0,false
C:\Users\sugii syuji\jsoup\src\main\java\org\jsoup\select\Evaluator.java,org.jsoup.select.Evaluator$IsNthOfType,"IsNthOfType/2[int,int]",true,653,0,0,0,0,1,0,3,0,0,2,0,0,0,0,0,0,0,0,0,0,0,0,0,0,0,5,1,0,false
C:\Users\sugii syuji\jsoup\src\main\java\org\jsoup\select\Evaluator.java,org.jsoup.select.Evaluator$IsNthOfType,getPseudoClass/0,false,673,0,0,0,0,1,0,3,1,0,0,0,0,0,0,0,0,0,1,0,0,0,0,0,0,0,4,4,0,false
C:\Users\sugii syuji\jsoup\src\main\java\org\jsoup\select\Evaluator.java,org.jsoup.select.Evaluator$ContainsData,"matches/2[org.jsoup.select.Element,org.jsoup.select.Element]",false,896,1,0,0,0,1,3,3,1,0,2,3,0,0,0,0,0,0,0,0,0,0,0,0,0,0,7,1,0,false
C:\Users\sugii syuji\jsoup\src\main\java\org\jsoup\select\Evaluator.java,org.jsoup.select.Evaluator$ContainsData,ContainsData/1[java.lang.String],true,891,0,0,0,0,1,1,3,0,0,1,1,0,0,0,0,0,0,0,0,1,0,0,0,0,0,6,1,0,false
C:\Users\sugii syuji\jsoup\src\main\java\org\jsoup\select\Evaluator.java,org.jsoup.select.Evaluator$ContainsData,toString/0,false,901,0,0,0,0,1,1,3,1,0,0,1,0,0,0,0,0,0,1,0,0,0,0,0,0,0,2,1,0,false
C:\Users\sugii syuji\jsoup\src\main\java\org\jsoup\select\Evaluator.java,org.jsoup.select.Evaluator$Id,Id/1[java.lang.String],true,164,0,0,0,0,1,0,3,0,0,1,0,0,0,0,0,0,0,0,0,1,0,0,0,0,0,2,1,0,false
C:\Users\sugii syuji\jsoup\src\main\java\org\jsoup\select\Evaluator.java,org.jsoup.select.Evaluator$Id,toString/0,false,177,0,0,0,0,1,1,3,1,0,0,1,0,0,0,0,0,0,1,0,0,0,0,0,0,0,2,1,0,false
C:\Users\sugii syuji\jsoup\src\main\java\org\jsoup\select\Evaluator.java,org.jsoup.select.Evaluator$Id,cost/0,false,173,0,0,0,0,1,0,3,1,0,0,0,0,0,0,0,0,0,0,1,0,0,0,0,0,0,1,4,0,false
C:\Users\sugii syuji\jsoup\src\main\java\org\jsoup\select\Evaluator.java,org.jsoup.select.Evaluator$Id,"matches/2[org.jsoup.select.Element,org.jsoup.select.Element]",false,169,1,0,0,0,1,2,3,1,0,2,2,0,0,0,0,0,1,0,0,0,0,0,0,0,0,3,1,0,false
C:\Users\sugii syuji\jsoup\src\main\java\org\jsoup\select\Evaluator.java,org.jsoup.select.Evaluator$IndexEquals,"matches/2[org.jsoup.select.Element,org.jsoup.select.Element]",false,516,1,0,0,0,2,1,3,1,0,2,1,0,0,0,1,0,0,0,0,0,0,0,0,0,0,4,1,0,false
C:\Users\sugii syuji\jsoup\src\main\java\org\jsoup\select\Evaluator.java,org.jsoup.select.Evaluator$IndexEquals,IndexEquals/1[int],true,511,0,0,0,0,1,0,3,0,0,1,0,0,0,0,0,0,0,0,0,0,0,0,0,0,0,3,1,0,false
C:\Users\sugii syuji\jsoup\src\main\java\org\jsoup\select\Evaluator.java,org.jsoup.select.Evaluator$IndexEquals,toString/0,false,521,0,0,0,0,1,1,3,1,0,0,1,0,0,0,0,0,0,1,0,0,0,0,0,0,0,2,1,0,false
C:\Users\sugii syuji\jsoup\src\main\java\org\jsoup\select\NodeEvaluator.java,org.jsoup.select.NodeEvaluator$BlankValue,cost/0,false,89,0,0,0,0,1,0,3,1,0,0,0,0,0,0,0,0,0,0,1,0,0,0,0,0,0,1,4,0,false
C:\Users\sugii syuji\jsoup\src\main\java\org\jsoup\select\NodeEvaluator.java,org.jsoup.select.NodeEvaluator$BlankValue,toString/0,false,94,0,0,0,0,1,0,3,1,0,0,0,0,0,0,0,0,0,1,0,0,0,0,0,0,0,2,1,0,false
C:\Users\sugii syuji\jsoup\src\main\java\org\jsoup\select\NodeEvaluator.java,org.jsoup.select.NodeEvaluator$BlankValue,evaluateMatch/1[org.jsoup.select.Node],false,84,1,0,0,0,1,2,3,1,0,1,2,0,0,0,0,0,0,0,0,0,0,0,0,0,0,4,0,0,false
C:\Users\sugii syuji\jsoup\src\main\java\org\jsoup\select\Evaluator.java,org.jsoup.select.Evaluator$IsLastChild,"matches/2[org.jsoup.select.Element,org.jsoup.select.Element]",false,532,2,0,0,0,3,2,4,1,1,2,2,0,0,0,2,0,1,0,0,1,0,0,0,0,0,6,1,0,false
C:\Users\sugii syuji\jsoup\src\main\java\org\jsoup\select\Evaluator.java,org.jsoup.select.Evaluator$IsLastChild,toString/0,false,538,0,0,0,0,1,0,3,1,0,0,0,0,0,0,0,0,0,1,0,0,0,0,0,0,0,2,1,0,false
C:\Users\sugii syuji\jsoup\src\main\java\org\jsoup\select\Evaluator.java,org.jsoup.select.Evaluator$IsNthLastChild,"IsNthLastChild/2[int,int]",true,632,0,0,0,0,1,0,3,0,0,2,0,0,0,0,0,0,0,0,0,0,0,0,0,0,0,5,1,0,false
C:\Users\sugii syuji\jsoup\src\main\java\org\jsoup\select\Evaluator.java,org.jsoup.select.Evaluator$IsNthLastChild,"calculatePosition/2[org.jsoup.select.Element,org.jsoup.select.Element]",false,637,1,0,0,0,2,3,4,2,0,2,3,0,0,0,1,0,0,0,1,0,1,1,0,0,0,5,4,0,false
C:\Users\sugii syuji\jsoup\src\main\java\org\jsoup\select\Evaluator.java,org.jsoup.select.Evaluator$IsNthLastChild,getPseudoClass/0,false,643,0,0,0,0,1,0,3,1,0,0,0,0,0,0,0,0,0,1,0,0,0,0,0,0,0,4,4,0,false
C:\Users\sugii syuji\jsoup\src\main\java\org\jsoup\select\Evaluator.java,org.jsoup.select.Evaluator$TagEndsWith,TagEndsWith/1[java.lang.String],true,143,0,0,0,0,1,0,3,0,0,1,0,0,0,0,0,0,0,0,0,1,0,0,0,0,0,5,1,0,false
C:\Users\sugii syuji\jsoup\src\main\java\org\jsoup\select\Evaluator.java,org.jsoup.select.Evaluator$TagEndsWith,"matches/2[org.jsoup.select.Element,org.jsoup.select.Element]",false,148,1,0,0,0,1,2,3,1,0,2,2,0,0,0,0,0,1,0,0,0,0,0,0,0,0,5,1,0,false
C:\Users\sugii syuji\jsoup\src\main\java\org\jsoup\select\Evaluator.java,org.jsoup.select.Evaluator$TagEndsWith,toString/0,false,153,0,0,0,0,1,1,3,1,0,0,1,0,0,0,0,0,0,1,0,0,0,0,0,0,0,2,1,0,false
C:\Users\sugii syuji\jsoup\src\main\java\org\jsoup\nodes\Element.java,org.jsoup.nodes.Element$TextAccumulator,"tail/2[org.jsoup.nodes.Node,int]",false,1578,3,0,0,0,7,4,7,0,2,2,4,0,0,0,0,0,2,0,0,2,0,2,0,0,0,13,1,0,false
C:\Users\sugii syuji\jsoup\src\main\java\org\jsoup\nodes\Element.java,org.jsoup.nodes.Element$TextAccumulator,"head/2[org.jsoup.nodes.Node,int]",false,1565,3,2,0,2,7,6,10,0,2,2,6,0,0,0,0,0,1,1,1,2,0,2,0,0,0,15,1,0,false
C:\Users\sugii syuji\jsoup\src\main\java\org\jsoup\nodes\Element.java,org.jsoup.nodes.Element$TextAccumulator,TextAccumulator/1[java.lang.StringBuilder],true,1561,0,1,1,0,1,0,3,0,0,1,0,0,0,0,0,0,0,0,0,1,0,0,0,0,0,5,1,0,false
C:\Users\sugii syuji\jsoup\src\main\java\org\jsoup\helper\Re2jRegex.java,org.jsoup.helper.Re2jRegex$Re2jMatcher,find/0,false,42,0,0,0,0,1,1,3,1,0,0,1,0,0,0,0,0,0,0,0,0,0,0,0,0,0,1,1,0,false
C:\Users\sugii syuji\jsoup\src\main\java\org\jsoup\helper\Re2jRegex.java,org.jsoup.helper.Re2jRegex$Re2jMatcher,Re2jMatcher/1[com.google.re2j.Matcher],true,37,1,1,1,0,1,0,3,0,0,1,0,0,0,0,0,0,0,0,0,1,0,0,0,0,0,3,0,0,false
C:\Users\sugii syuji\jsoup\src\main\java\org\jsoup\select\Evaluator.java,org.jsoup.select.Evaluator$IsFirstChild,toString/0,false,716,0,0,0,0,1,0,3,1,0,0,0,0,0,0,0,0,0,1,0,0,0,0,0,0,0,2,1,0,false
C:\Users\sugii syuji\jsoup\src\main\java\org\jsoup\select\Evaluator.java,org.jsoup.select.Evaluator$IsFirstChild,"matches/2[org.jsoup.select.Element,org.jsoup.select.Element]",false,710,2,0,0,0,3,2,4,1,1,2,2,0,0,0,2,0,1,0,0,1,0,0,0,0,0,6,1,0,false
C:\Users\sugii syuji\jsoup\src\main\java\org\jsoup\select\Evaluator.java,org.jsoup.select.Evaluator$CssNthEvaluator,getPseudoClass/0,false,599,0,1,1,0,1,0,1,0,0,0,0,0,0,0,0,0,0,0,0,0,0,0,0,0,0,3,1028,0,false
C:\Users\sugii syuji\jsoup\src\main\java\org\jsoup\select\Evaluator.java,org.jsoup.select.Evaluator$CssNthEvaluator,toString/0,false,591,1,1,0,1,3,2,4,1,1,0,2,1,1,0,2,0,2,3,2,1,0,0,0,0,0,6,1,0,false
C:\Users\sugii syuji\jsoup\src\main\java\org\jsoup\select\Evaluator.java,org.jsoup.select.Evaluator$CssNthEvaluator,"calculatePosition/2[org.jsoup.select.Element,org.jsoup.select.Element]",false,601,1,1,1,0,1,0,1,0,0,2,0,0,0,0,0,0,0,0,0,0,0,0,0,0,0,4,1028,0,false
C:\Users\sugii syuji\jsoup\src\main\java\org\jsoup\select\Evaluator.java,org.jsoup.select.Evaluator$CssNthEvaluator,"matches/2[org.jsoup.select.Element,org.jsoup.select.Element]",false,580,3,1,0,1,6,2,7,3,2,2,2,1,1,0,4,0,3,0,3,2,4,1,0,0,0,12,1,0,false
C:\Users\sugii syuji\jsoup\src\main\java\org\jsoup\select\Evaluator.java,org.jsoup.select.Evaluator$CssNthEvaluator,"CssNthEvaluator/2[int,int]",true,570,0,0,0,0,1,0,4,0,0,2,0,0,0,0,0,0,0,0,0,2,0,0,0,0,0,5,1,0,false
C:\Users\sugii syuji\jsoup\src\main\java\org\jsoup\select\Evaluator.java,org.jsoup.select.Evaluator$CssNthEvaluator,CssNthEvaluator/1[int],true,575,0,0,0,0,1,0,3,0,0,1,0,0,0,0,0,0,0,0,1,0,0,0,0,0,0,4,1,0,false
C:\Users\sugii syuji\jsoup\src\main\java\org\jsoup\select\Evaluator.java,org.jsoup.select.Evaluator$Tag,cost/0,false,105,0,0,0,0,1,0,3,1,0,0,0,0,0,0,0,0,0,0,1,0,0,0,0,0,0,1,4,0,false
C:\Users\sugii syuji\jsoup\src\main\java\org\jsoup\select\Evaluator.java,org.jsoup.select.Evaluator$Tag,toString/0,false,110,0,0,0,0,1,1,3,1,0,0,1,0,0,0,0,0,0,1,0,0,0,0,0,0,0,2,1,0,false
C:\Users\sugii syuji\jsoup\src\main\java\org\jsoup\select\Evaluator.java,org.jsoup.select.Evaluator$Tag,"matches/2[org.jsoup.select.Element,org.jsoup.select.Element]",false,101,1,0,0,0,1,1,3,1,0,2,1,0,0,0,0,0,1,0,0,0,0,0,0,0,0,5,1,0,false
C:\Users\sugii syuji\jsoup\src\main\java\org\jsoup\select\Evaluator.java,org.jsoup.select.Evaluator$Tag,Tag/1[java.lang.String],true,96,0,0,0,0,1,0,3,0,0,1,0,0,0,0,0,0,0,0,0,1,0,0,0,0,0,3,1,0,false
C:\Users\sugii syuji\jsoup\src\main\java\org\jsoup\select\Evaluator.java,org.jsoup.select.Evaluator$IsFirstOfType,IsFirstOfType/0,true,544,0,0,0,0,1,0,3,0,0,0,0,0,0,0,0,0,0,0,2,0,0,0,0,0,0,4,1,0,false
C:\Users\sugii syuji\jsoup\src\main\java\org\jsoup\select\Evaluator.java,org.jsoup.select.Evaluator$IsFirstOfType,toString/0,false,548,0,0,0,0,1,0,3,1,0,0,0,0,0,0,0,0,0,1,0,0,0,0,0,0,0,3,1,0,false
C:\Users\sugii syuji\jsoup\src\main\java\org\jsoup\helper\Regex.java,org.jsoup.helper.Regex$JdkMatcher,find/0,false,107,0,0,0,0,1,1,3,1,0,0,1,0,0,0,0,0,0,0,0,0,0,0,0,0,0,1,1,0,false
C:\Users\sugii syuji\jsoup\src\main\java\org\jsoup\helper\Regex.java,org.jsoup.helper.Regex$JdkMatcher,JdkMatcher/1[java.util.regex.Matcher],true,102,0,1,1,0,1,0,3,0,0,1,0,0,0,0,0,0,0,0,0,1,0,0,0,0,0,3,0,0,false
C:\Users\sugii syuji\jsoup\src\main\java\org\jsoup\nodes\Element.java,org.jsoup.nodes.Element$NodeList,modCount/0,false,2087,0,2,2,0,1,0,3,1,0,0,0,0,0,0,0,0,0,0,0,0,0,0,0,0,0,10,0,0,true
C:\Users\sugii syuji\jsoup\src\main\java\org\jsoup\nodes\Element.java,org.jsoup.nodes.Element$NodeList,NodeList/1[int],true,2082,0,2,2,0,1,0,3,0,0,1,0,0,0,0,0,0,0,0,0,0,0,0,0,0,0,3,1,0,false
C:\Users\sugii syuji\jsoup\src\main\java\org\jsoup\nodes\Element.java,org.jsoup.nodes.Element$NodeList,incrementMod/0,false,2091,0,0,0,0,1,0,3,0,0,0,0,0,0,0,0,0,0,0,0,0,0,0,0,0,0,2,0,0,false
