file,class,method,variable,usage
C:\Users\sugii syuji\jsoup\src\main\java\org\jsoup\select\NodeEvaluator.java,org.jsoup.select.NodeEvaluator,"matches/2[org.jsoup.select.Element,org.jsoup.select.Element]",root,0
C:\Users\sugii syuji\jsoup\src\main\java\org\jsoup\select\NodeEvaluator.java,org.jsoup.select.NodeEvaluator,"matches/2[org.jsoup.select.Element,org.jsoup.select.Element]",element,1
C:\Users\sugii syuji\jsoup\src\main\java\org\jsoup\select\NodeEvaluator.java,org.jsoup.select.NodeEvaluator,"matches/2[org.jsoup.select.Element,org.jsoup.select.LeafNode]",root,0
C:\Users\sugii syuji\jsoup\src\main\java\org\jsoup\select\NodeEvaluator.java,org.jsoup.select.NodeEvaluator,"matches/2[org.jsoup.select.Element,org.jsoup.select.LeafNode]",leaf,1
C:\Users\sugii syuji\jsoup\src\main\java\org\jsoup\select\NodeEvaluator.java,org.jsoup.select.NodeEvaluator,evaluateMatch/1[org.jsoup.select.Node],node,0
C:\Users\sugii syuji\jsoup\src\main\java\org\jsoup\select\Evaluator.java,org.jsoup.select.Evaluator$AttributeWithValueStarting,"matches/2[org.jsoup.select.Element,org.jsoup.select.Element]",root,0
C:\Users\sugii syuji\jsoup\src\main\java\org\jsoup\select\Evaluator.java,org.jsoup.select.Evaluator$AttributeWithValueStarting,"matches/2[org.jsoup.select.Element,org.jsoup.select.Element]",element,2
C:\Users\sugii syuji\jsoup\src\main\java\org\jsoup\select\Evaluator.java,org.jsoup.select.Evaluator$AttributeWithValueStarting,"AttributeWithValueStarting/2[java.lang.String,java.lang.String]",value,1
C:\Users\sugii syuji\jsoup\src\main\java\org\jsoup\select\Evaluator.java,org.jsoup.select.Evaluator$AttributeWithValueStarting,"AttributeWithValueStarting/2[java.lang.String,java.lang.String]",key,1
C:\Users\sugii syuji\jsoup\src\main\java\org\jsoup\select\Evaluator.java,org.jsoup.select.Evaluator$IndexGreaterThan,"matches/2[org.jsoup.select.Element,org.jsoup.select.Element]",root,0
C:\Users\sugii syuji\jsoup\src\main\java\org\jsoup\select\Evaluator.java,org.jsoup.select.Evaluator$IndexGreaterThan,"matches/2[org.jsoup.select.Element,org.jsoup.select.Element]",element,1
C:\Users\sugii syuji\jsoup\src\main\java\org\jsoup\select\Evaluator.java,org.jsoup.select.Evaluator$IndexGreaterThan,IndexGreaterThan/1[int],index,1
C:\Users\sugii syuji\jsoup\src\main\java\org\jsoup\select\Evaluator.java,org.jsoup.select.Evaluator$IsOnlyOfType,"matches/2[org.jsoup.select.Element,org.jsoup.select.Element]",p,3
C:\Users\sugii syuji\jsoup\src\main\java\org\jsoup\select\Evaluator.java,org.jsoup.select.Evaluator$IsOnlyOfType,"matches/2[org.jsoup.select.Element,org.jsoup.select.Element]",next,4
C:\Users\sugii syuji\jsoup\src\main\java\org\jsoup\select\Evaluator.java,org.jsoup.select.Evaluator$IsOnlyOfType,"matches/2[org.jsoup.select.Element,org.jsoup.select.Element]",pos,3
C:\Users\sugii syuji\jsoup\src\main\java\org\jsoup\select\Evaluator.java,org.jsoup.select.Evaluator$IsOnlyOfType,"matches/2[org.jsoup.select.Element,org.jsoup.select.Element]",root,0
C:\Users\sugii syuji\jsoup\src\main\java\org\jsoup\select\Evaluator.java,org.jsoup.select.Evaluator$IsOnlyOfType,"matches/2[org.jsoup.select.Element,org.jsoup.select.Element]",element,2
C:\Users\sugii syuji\jsoup\src\main\java\org\jsoup\select\Evaluator.java,org.jsoup.select.Evaluator$IndexEvaluator,IndexEvaluator/1[int],index,2
C:\Users\sugii syuji\jsoup\src\main\java\org\jsoup\select\Evaluator.java,org.jsoup.select.Evaluator$TagStartsWith,"matches/2[org.jsoup.select.Element,org.jsoup.select.Element]",root,0
C:\Users\sugii syuji\jsoup\src\main\java\org\jsoup\select\Evaluator.java,org.jsoup.select.Evaluator$TagStartsWith,"matches/2[org.jsoup.select.Element,org.jsoup.select.Element]",element,1
C:\Users\sugii syuji\jsoup\src\main\java\org\jsoup\select\Evaluator.java,org.jsoup.select.Evaluator$TagStartsWith,TagStartsWith/1[java.lang.String],tagName,2
C:\Users\sugii syuji\jsoup\src\main\java\org\jsoup\select\Evaluator.java,org.jsoup.select.Evaluator$IsEmpty,"matches/2[org.jsoup.select.Element,org.jsoup.select.Element]",root,0
C:\Users\sugii syuji\jsoup\src\main\java\org\jsoup\select\Evaluator.java,org.jsoup.select.Evaluator$IsEmpty,"matches/2[org.jsoup.select.Element,org.jsoup.select.Element]",el,1
C:\Users\sugii syuji\jsoup\src\main\java\org\jsoup\select\Evaluator.java,org.jsoup.select.Evaluator$IsEmpty,"matches/2[org.jsoup.select.Element,org.jsoup.select.Element]",n,8
C:\Users\sugii syuji\jsoup\src\main\java\org\jsoup\select\QueryParser.java,org.jsoup.select.QueryParser,parse/1[java.lang.String],p,1
C:\Users\sugii syuji\jsoup\src\main\java\org\jsoup\select\QueryParser.java,org.jsoup.select.QueryParser,parse/1[java.lang.String],e,1
C:\Users\sugii syuji\jsoup\src\main\java\org\jsoup\select\QueryParser.java,org.jsoup.select.QueryParser,parse/1[java.lang.String],query,1
C:\Users\sugii syuji\jsoup\src\main\java\org\jsoup\select\QueryParser.java,org.jsoup.select.QueryParser,"or/2[org.jsoup.select.Evaluator,org.jsoup.select.Evaluator]",left,4
C:\Users\sugii syuji\jsoup\src\main\java\org\jsoup\select\QueryParser.java,org.jsoup.select.QueryParser,"or/2[org.jsoup.select.Evaluator,org.jsoup.select.Evaluator]",right,2
C:\Users\sugii syuji\jsoup\src\main\java\org\jsoup\select\QueryParser.java,org.jsoup.select.QueryParser,not/0,subQuery,2
C:\Users\sugii syuji\jsoup\src\main\java\org\jsoup\select\QueryParser.java,org.jsoup.select.QueryParser,matchesWholeText/1[boolean],regex,2
C:\Users\sugii syuji\jsoup\src\main\java\org\jsoup\select\QueryParser.java,org.jsoup.select.QueryParser,matchesWholeText/1[boolean],own,2
C:\Users\sugii syuji\jsoup\src\main\java\org\jsoup\select\QueryParser.java,org.jsoup.select.QueryParser,matchesWholeText/1[boolean],query,1
C:\Users\sugii syuji\jsoup\src\main\java\org\jsoup\select\QueryParser.java,org.jsoup.select.QueryParser,matchesWholeText/1[boolean],pattern,2
C:\Users\sugii syuji\jsoup\src\main\java\org\jsoup\select\QueryParser.java,org.jsoup.select.QueryParser,"parseNested/2[java.util.function.Function<org.jsoup.select.Evaluator,org.jsoup.select.Evaluator>,java.lang.String]",eval,1
C:\Users\sugii syuji\jsoup\src\main\java\org\jsoup\select\QueryParser.java,org.jsoup.select.QueryParser,"parseNested/2[java.util.function.Function<org.jsoup.select.Evaluator,org.jsoup.select.Evaluator>,java.lang.String]",func,1
C:\Users\sugii syuji\jsoup\src\main\java\org\jsoup\select\QueryParser.java,org.jsoup.select.QueryParser,"parseNested/2[java.util.function.Function<org.jsoup.select.Evaluator,org.jsoup.select.Evaluator>,java.lang.String]",err,2
C:\Users\sugii syuji\jsoup\src\main\java\org\jsoup\select\QueryParser.java,org.jsoup.select.QueryParser,byId/0,id,2
C:\Users\sugii syuji\jsoup\src\main\java\org\jsoup\select\QueryParser.java,org.jsoup.select.QueryParser,QueryParser/1[java.lang.String],query,6
C:\Users\sugii syuji\jsoup\src\main\java\org\jsoup\select\QueryParser.java,org.jsoup.select.QueryParser,contains/1[boolean],searchText,4
C:\Users\sugii syuji\jsoup\src\main\java\org\jsoup\select\QueryParser.java,org.jsoup.select.QueryParser,contains/1[boolean],own,2
C:\Users\sugii syuji\jsoup\src\main\java\org\jsoup\select\QueryParser.java,org.jsoup.select.QueryParser,contains/1[boolean],query,1
C:\Users\sugii syuji\jsoup\src\main\java\org\jsoup\select\QueryParser.java,org.jsoup.select.QueryParser,parseSimpleSequence/0,left,6
C:\Users\sugii syuji\jsoup\src\main\java\org\jsoup\select\QueryParser.java,org.jsoup.select.QueryParser,parseSimpleSequence/0,right,2
C:\Users\sugii syuji\jsoup\src\main\java\org\jsoup\select\QueryParser.java,org.jsoup.select.QueryParser,consumeIndex/0,index,2
C:\Users\sugii syuji\jsoup\src\main\java\org\jsoup\select\QueryParser.java,org.jsoup.select.QueryParser,byClass/0,className,2
C:\Users\sugii syuji\jsoup\src\main\java\org\jsoup\select\QueryParser.java,org.jsoup.select.QueryParser,"combinator/3[org.jsoup.select.Evaluator,char,org.jsoup.select.Evaluator]",combinator,2
C:\Users\sugii syuji\jsoup\src\main\java\org\jsoup\select\QueryParser.java,org.jsoup.select.QueryParser,"combinator/3[org.jsoup.select.Evaluator,char,org.jsoup.select.Evaluator]",left,6
C:\Users\sugii syuji\jsoup\src\main\java\org\jsoup\select\QueryParser.java,org.jsoup.select.QueryParser,"combinator/3[org.jsoup.select.Evaluator,char,org.jsoup.select.Evaluator]",run,2
C:\Users\sugii syuji\jsoup\src\main\java\org\jsoup\select\QueryParser.java,org.jsoup.select.QueryParser,"combinator/3[org.jsoup.select.Evaluator,char,org.jsoup.select.Evaluator]",right,4
C:\Users\sugii syuji\jsoup\src\main\java\org\jsoup\select\QueryParser.java,org.jsoup.select.QueryParser,"and/2[org.jsoup.select.Evaluator,org.jsoup.select.Evaluator]",left,5
C:\Users\sugii syuji\jsoup\src\main\java\org\jsoup\select\QueryParser.java,org.jsoup.select.QueryParser,"and/2[org.jsoup.select.Evaluator,org.jsoup.select.Evaluator]",right,3
C:\Users\sugii syuji\jsoup\src\main\java\org\jsoup\select\QueryParser.java,org.jsoup.select.QueryParser,parseSelector/0,combinator,5
C:\Users\sugii syuji\jsoup\src\main\java\org\jsoup\select\QueryParser.java,org.jsoup.select.QueryParser,parseSelector/0,left,5
C:\Users\sugii syuji\jsoup\src\main\java\org\jsoup\select\QueryParser.java,org.jsoup.select.QueryParser,parseSelector/0,right,1
C:\Users\sugii syuji\jsoup\src\main\java\org\jsoup\select\QueryParser.java,org.jsoup.select.QueryParser,byAttribute/0,cq,1
C:\Users\sugii syuji\jsoup\src\main\java\org\jsoup\select\QueryParser.java,org.jsoup.select.QueryParser,containsData/0,searchText,2
C:\Users\sugii syuji\jsoup\src\main\java\org\jsoup\select\QueryParser.java,org.jsoup.select.QueryParser,parseNodeSelector/0,left,9
C:\Users\sugii syuji\jsoup\src\main\java\org\jsoup\select\QueryParser.java,org.jsoup.select.QueryParser,parseNodeSelector/0,right,2
C:\Users\sugii syuji\jsoup\src\main\java\org\jsoup\select\QueryParser.java,org.jsoup.select.QueryParser,parseNodeSelector/0,pseudo,8
C:\Users\sugii syuji\jsoup\src\main\java\org\jsoup\select\QueryParser.java,org.jsoup.select.QueryParser,"cssNthChild/2[boolean,boolean]",last,2
C:\Users\sugii syuji\jsoup\src\main\java\org\jsoup\select\QueryParser.java,org.jsoup.select.QueryParser,"cssNthChild/2[boolean,boolean]",offset,8
C:\Users\sugii syuji\jsoup\src\main\java\org\jsoup\select\QueryParser.java,org.jsoup.select.QueryParser,"cssNthChild/2[boolean,boolean]",arg,5
C:\Users\sugii syuji\jsoup\src\main\java\org\jsoup\select\QueryParser.java,org.jsoup.select.QueryParser,"cssNthChild/2[boolean,boolean]",step,9
C:\Users\sugii syuji\jsoup\src\main\java\org\jsoup\select\QueryParser.java,org.jsoup.select.QueryParser,"cssNthChild/2[boolean,boolean]",stepOffsetM,6
C:\Users\sugii syuji\jsoup\src\main\java\org\jsoup\select\QueryParser.java,org.jsoup.select.QueryParser,"cssNthChild/2[boolean,boolean]",stepM,2
C:\Users\sugii syuji\jsoup\src\main\java\org\jsoup\select\QueryParser.java,org.jsoup.select.QueryParser,"cssNthChild/2[boolean,boolean]",ofType,1
C:\Users\sugii syuji\jsoup\src\main\java\org\jsoup\select\QueryParser.java,org.jsoup.select.QueryParser,parse/0,eval,1
C:\Users\sugii syuji\jsoup\src\main\java\org\jsoup\select\QueryParser.java,org.jsoup.select.QueryParser,parsePseudoSelector/0,pseudo,1
C:\Users\sugii syuji\jsoup\src\main\java\org\jsoup\select\QueryParser.java,org.jsoup.select.QueryParser,containsWholeText/1[boolean],searchText,3
C:\Users\sugii syuji\jsoup\src\main\java\org\jsoup\select\QueryParser.java,org.jsoup.select.QueryParser,containsWholeText/1[boolean],own,2
C:\Users\sugii syuji\jsoup\src\main\java\org\jsoup\select\QueryParser.java,org.jsoup.select.QueryParser,containsWholeText/1[boolean],query,1
C:\Users\sugii syuji\jsoup\src\main\java\org\jsoup\select\QueryParser.java,org.jsoup.select.QueryParser,evaluatorForAttribute/1[org.jsoup.select.TokenQueue],eval,10
C:\Users\sugii syuji\jsoup\src\main\java\org\jsoup\select\QueryParser.java,org.jsoup.select.QueryParser,evaluatorForAttribute/1[org.jsoup.select.TokenQueue],cq,16
C:\Users\sugii syuji\jsoup\src\main\java\org\jsoup\select\QueryParser.java,org.jsoup.select.QueryParser,evaluatorForAttribute/1[org.jsoup.select.TokenQueue],key,11
C:\Users\sugii syuji\jsoup\src\main\java\org\jsoup\select\QueryParser.java,org.jsoup.select.QueryParser,byTag/0,plainTag,2
C:\Users\sugii syuji\jsoup\src\main\java\org\jsoup\select\QueryParser.java,org.jsoup.select.QueryParser,byTag/0,ns,1
C:\Users\sugii syuji\jsoup\src\main\java\org\jsoup\select\QueryParser.java,org.jsoup.select.QueryParser,byTag/0,tagName,10
C:\Users\sugii syuji\jsoup\src\main\java\org\jsoup\select\QueryParser.java,org.jsoup.select.QueryParser,matches/1[boolean],regex,2
C:\Users\sugii syuji\jsoup\src\main\java\org\jsoup\select\QueryParser.java,org.jsoup.select.QueryParser,matches/1[boolean],own,2
C:\Users\sugii syuji\jsoup\src\main\java\org\jsoup\select\QueryParser.java,org.jsoup.select.QueryParser,matches/1[boolean],query,1
C:\Users\sugii syuji\jsoup\src\main\java\org\jsoup\select\QueryParser.java,org.jsoup.select.QueryParser,matches/1[boolean],pattern,3
C:\Users\sugii syuji\jsoup\src\main\java\org\jsoup\select\QueryParser.java,org.jsoup.select.QueryParser,parseSelectorGroup/0,left,3
C:\Users\sugii syuji\jsoup\src\main\java\org\jsoup\select\QueryParser.java,org.jsoup.select.QueryParser,parseSelectorGroup/0,right,1
C:\Users\sugii syuji\jsoup\src\main\java\org\jsoup\select\Evaluator.java,org.jsoup.select.Evaluator$ContainsWholeText,"matches/2[org.jsoup.select.Element,org.jsoup.select.Element]",root,0
C:\Users\sugii syuji\jsoup\src\main\java\org\jsoup\select\Evaluator.java,org.jsoup.select.Evaluator$ContainsWholeText,"matches/2[org.jsoup.select.Element,org.jsoup.select.Element]",element,1
C:\Users\sugii syuji\jsoup\src\main\java\org\jsoup\select\Evaluator.java,org.jsoup.select.Evaluator$ContainsWholeText,ContainsWholeText/1[java.lang.String],searchText,2
C:\Users\sugii syuji\jsoup\src\main\java\org\jsoup\select\Evaluator.java,org.jsoup.select.Evaluator$MatchesWholeText,MatchesWholeText/1[java.util.regex.Pattern],pattern,2
C:\Users\sugii syuji\jsoup\src\main\java\org\jsoup\select\Evaluator.java,org.jsoup.select.Evaluator$MatchesWholeText,MatchesWholeText/1[org.jsoup.select.Regex],pattern,2
C:\Users\sugii syuji\jsoup\src\main\java\org\jsoup\select\Evaluator.java,org.jsoup.select.Evaluator$MatchesWholeText,"matches/2[org.jsoup.select.Element,org.jsoup.select.Element]",root,0
C:\Users\sugii syuji\jsoup\src\main\java\org\jsoup\select\Evaluator.java,org.jsoup.select.Evaluator$MatchesWholeText,"matches/2[org.jsoup.select.Element,org.jsoup.select.Element]",element,1
C:\Users\sugii syuji\jsoup\src\main\java\org\jsoup\select\Evaluator.java,org.jsoup.select.Evaluator$Matches,"matches/2[org.jsoup.select.Element,org.jsoup.select.Element]",root,0
C:\Users\sugii syuji\jsoup\src\main\java\org\jsoup\select\Evaluator.java,org.jsoup.select.Evaluator$Matches,"matches/2[org.jsoup.select.Element,org.jsoup.select.Element]",element,1
C:\Users\sugii syuji\jsoup\src\main\java\org\jsoup\select\Evaluator.java,org.jsoup.select.Evaluator$Matches,Matches/1[java.util.regex.Pattern],pattern,1
C:\Users\sugii syuji\jsoup\src\main\java\org\jsoup\select\Evaluator.java,org.jsoup.select.Evaluator$Matches,Matches/1[org.jsoup.select.Regex],pattern,2
C:\Users\sugii syuji\jsoup\src\main\java\org\jsoup\select\Evaluator.java,org.jsoup.select.Evaluator$AttributeWithValueMatching,"matches/2[org.jsoup.select.Element,org.jsoup.select.Element]",root,0
C:\Users\sugii syuji\jsoup\src\main\java\org\jsoup\select\Evaluator.java,org.jsoup.select.Evaluator$AttributeWithValueMatching,"matches/2[org.jsoup.select.Element,org.jsoup.select.Element]",element,2
C:\Users\sugii syuji\jsoup\src\main\java\org\jsoup\select\Evaluator.java,org.jsoup.select.Evaluator$AttributeWithValueMatching,"AttributeWithValueMatching/2[java.lang.String,org.jsoup.select.Regex]",pattern,2
C:\Users\sugii syuji\jsoup\src\main\java\org\jsoup\select\Evaluator.java,org.jsoup.select.Evaluator$AttributeWithValueMatching,"AttributeWithValueMatching/2[java.lang.String,org.jsoup.select.Regex]",key,2
C:\Users\sugii syuji\jsoup\src\main\java\org\jsoup\select\Evaluator.java,org.jsoup.select.Evaluator$AttributeWithValueMatching,"AttributeWithValueMatching/2[java.lang.String,java.util.regex.Pattern]",pattern,1
C:\Users\sugii syuji\jsoup\src\main\java\org\jsoup\select\Evaluator.java,org.jsoup.select.Evaluator$AttributeWithValueMatching,"AttributeWithValueMatching/2[java.lang.String,java.util.regex.Pattern]",key,1
C:\Users\sugii syuji\jsoup\src\main\java\org\jsoup\helper\Re2jRegex.java,org.jsoup.helper.Re2jRegex,matcher/1[java.lang.CharSequence],input,1
C:\Users\sugii syuji\jsoup\src\main\java\org\jsoup\helper\Re2jRegex.java,org.jsoup.helper.Re2jRegex,compile/1[java.lang.String],regex,1
C:\Users\sugii syuji\jsoup\src\main\java\org\jsoup\helper\Re2jRegex.java,org.jsoup.helper.Re2jRegex,compile/1[java.lang.String],e,1
C:\Users\sugii syuji\jsoup\src\main\java\org\jsoup\helper\Re2jRegex.java,org.jsoup.helper.Re2jRegex,Re2jRegex/1[com.google.re2j.Pattern],re2jPattern,2
C:\Users\sugii syuji\jsoup\src\main\java\org\jsoup\select\Evaluator.java,org.jsoup.select.Evaluator$AttributeWithValueEnding,"matches/2[org.jsoup.select.Element,org.jsoup.select.Element]",root,0
C:\Users\sugii syuji\jsoup\src\main\java\org\jsoup\select\Evaluator.java,org.jsoup.select.Evaluator$AttributeWithValueEnding,"matches/2[org.jsoup.select.Element,org.jsoup.select.Element]",element,2
C:\Users\sugii syuji\jsoup\src\main\java\org\jsoup\select\Evaluator.java,org.jsoup.select.Evaluator$AttributeWithValueEnding,"AttributeWithValueEnding/2[java.lang.String,java.lang.String]",value,1
C:\Users\sugii syuji\jsoup\src\main\java\org\jsoup\select\Evaluator.java,org.jsoup.select.Evaluator$AttributeWithValueEnding,"AttributeWithValueEnding/2[java.lang.String,java.lang.String]",key,1
C:\Users\sugii syuji\jsoup\src\main\java\org\jsoup\nodes\Element.java,org.jsoup.nodes.Element,"prependElement/2[java.lang.String,java.lang.String]",parser,3
C:\Users\sugii syuji\jsoup\src\main\java\org\jsoup\nodes\Element.java,org.jsoup.nodes.Element,"prependElement/2[java.lang.String,java.lang.String]",namespace,1
C:\Users\sugii syuji\jsoup\src\main\java\org\jsoup\nodes\Element.java,org.jsoup.nodes.Element,"prependElement/2[java.lang.String,java.lang.String]",tagName,1
C:\Users\sugii syuji\jsoup\src\main\java\org\jsoup\nodes\Element.java,org.jsoup.nodes.Element,"prependElement/2[java.lang.String,java.lang.String]",child,2
C:\Users\sugii syuji\jsoup\src\main\java\org\jsoup\nodes\Element.java,org.jsoup.nodes.Element,selectStream/1[java.lang.String],cssQuery,1
C:\Users\sugii syuji\jsoup\src\main\java\org\jsoup\nodes\Element.java,org.jsoup.nodes.Element,prepend/1[java.lang.String],nodes,1
C:\Users\sugii syuji\jsoup\src\main\java\org\jsoup\nodes\Element.java,org.jsoup.nodes.Element,prepend/1[java.lang.String],html,2
C:\Users\sugii syuji\jsoup\src\main\java\org\jsoup\nodes\Element.java,org.jsoup.nodes.Element,preserveWhitespace/1[org.jsoup.nodes.Node],node,2
C:\Users\sugii syuji\jsoup\src\main\java\org\jsoup\nodes\Element.java,org.jsoup.nodes.Element,preserveWhitespace/1[org.jsoup.nodes.Node],el,4
C:\Users\sugii syuji\jsoup\src\main\java\org\jsoup\nodes\Element.java,org.jsoup.nodes.Element,preserveWhitespace/1[org.jsoup.nodes.Node],i,2
C:\Users\sugii syuji\jsoup\src\main\java\org\jsoup\nodes\Element.java,org.jsoup.nodes.Element,safeTagName/1[Document.OutputSettings.Syntax],syntax,1
C:\Users\sugii syuji\jsoup\src\main\java\org\jsoup\nodes\Element.java,org.jsoup.nodes.Element,Element/1[java.lang.String],tag,1
C:\Users\sugii syuji\jsoup\src\main\java\org\jsoup\nodes\Element.java,org.jsoup.nodes.Element,forEach/1[java.util.function.Consumer<? super org.jsoup.nodes.Element>],action,1
C:\Users\sugii syuji\jsoup\src\main\java\org\jsoup\nodes\Element.java,org.jsoup.nodes.Element,forEachNode/1[java.util.function.Consumer<? super org.jsoup.nodes.Node>],action,1
C:\Users\sugii syuji\jsoup\src\main\java\org\jsoup\nodes\Element.java,org.jsoup.nodes.Element,"Element/2[org.jsoup.nodes.Tag,java.lang.String]",baseUri,1
C:\Users\sugii syuji\jsoup\src\main\java\org\jsoup\nodes\Element.java,org.jsoup.nodes.Element,"Element/2[org.jsoup.nodes.Tag,java.lang.String]",tag,1
C:\Users\sugii syuji\jsoup\src\main\java\org\jsoup\nodes\Element.java,org.jsoup.nodes.Element,getElementsByTag/1[java.lang.String],tagName,4
C:\Users\sugii syuji\jsoup\src\main\java\org\jsoup\nodes\Element.java,org.jsoup.nodes.Element,"attr/2[java.lang.String,boolean]",attributeValue,1
C:\Users\sugii syuji\jsoup\src\main\java\org\jsoup\nodes\Element.java,org.jsoup.nodes.Element,"attr/2[java.lang.String,boolean]",attributeKey,1
C:\Users\sugii syuji\jsoup\src\main\java\org\jsoup\nodes\Element.java,org.jsoup.nodes.Element,hasClass/1[java.lang.String],len,5
C:\Users\sugii syuji\jsoup\src\main\java\org\jsoup\nodes\Element.java,org.jsoup.nodes.Element,hasClass/1[java.lang.String],inClass,5
C:\Users\sugii syuji\jsoup\src\main\java\org\jsoup\nodes\Element.java,org.jsoup.nodes.Element,hasClass/1[java.lang.String],start,5
C:\Users\sugii syuji\jsoup\src\main\java\org\jsoup\nodes\Element.java,org.jsoup.nodes.Element,hasClass/1[java.lang.String],i,5
C:\Users\sugii syuji\jsoup\src\main\java\org\jsoup\nodes\Element.java,org.jsoup.nodes.Element,hasClass/1[java.lang.String],className,4
C:\Users\sugii syuji\jsoup\src\main\java\org\jsoup\nodes\Element.java,org.jsoup.nodes.Element,hasClass/1[java.lang.String],classAttr,5
C:\Users\sugii syuji\jsoup\src\main\java\org\jsoup\nodes\Element.java,org.jsoup.nodes.Element,hasClass/1[java.lang.String],wantLen,6
C:\Users\sugii syuji\jsoup\src\main\java\org\jsoup\nodes\Element.java,org.jsoup.nodes.Element,getElementsByIndexLessThan/1[int],index,1
C:\Users\sugii syuji\jsoup\src\main\java\org\jsoup\nodes\Element.java,org.jsoup.nodes.Element,is/1[java.lang.String],cssQuery,1
C:\Users\sugii syuji\jsoup\src\main\java\org\jsoup\nodes\Element.java,org.jsoup.nodes.Element,"searchUpForAttribute/2[org.jsoup.nodes.Element,java.lang.String]",el,6
C:\Users\sugii syuji\jsoup\src\main\java\org\jsoup\nodes\Element.java,org.jsoup.nodes.Element,"searchUpForAttribute/2[org.jsoup.nodes.Element,java.lang.String]",start,1
C:\Users\sugii syuji\jsoup\src\main\java\org\jsoup\nodes\Element.java,org.jsoup.nodes.Element,"searchUpForAttribute/2[org.jsoup.nodes.Element,java.lang.String]",key,2
C:\Users\sugii syuji\jsoup\src\main\java\org\jsoup\nodes\Element.java,org.jsoup.nodes.Element,"getElementsByAttributeValueEnding/2[java.lang.String,java.lang.String]",valueSuffix,1
C:\Users\sugii syuji\jsoup\src\main\java\org\jsoup\nodes\Element.java,org.jsoup.nodes.Element,"getElementsByAttributeValueEnding/2[java.lang.String,java.lang.String]",key,1
C:\Users\sugii syuji\jsoup\src\main\java\org\jsoup\nodes\Element.java,org.jsoup.nodes.Element,toggleClass/1[java.lang.String],classes,4
C:\Users\sugii syuji\jsoup\src\main\java\org\jsoup\nodes\Element.java,org.jsoup.nodes.Element,toggleClass/1[java.lang.String],className,4
C:\Users\sugii syuji\jsoup\src\main\java\org\jsoup\nodes\Element.java,org.jsoup.nodes.Element,selectFirst/1[org.jsoup.nodes.Evaluator],evaluator,1
C:\Users\sugii syuji\jsoup\src\main\java\org\jsoup\nodes\Element.java,org.jsoup.nodes.Element,selectNodes/1[java.lang.String],cssQuery,1
C:\Users\sugii syuji\jsoup\src\main\java\org\jsoup\nodes\Element.java,org.jsoup.nodes.Element,selectFirst/1[java.lang.String],cssQuery,1
C:\Users\sugii syuji\jsoup\src\main\java\org\jsoup\nodes\Element.java,org.jsoup.nodes.Element,"selectFirstNode/2[org.jsoup.nodes.Evaluator,java.lang.Class<T>]",type,1
C:\Users\sugii syuji\jsoup\src\main\java\org\jsoup\nodes\Element.java,org.jsoup.nodes.Element,"selectFirstNode/2[org.jsoup.nodes.Evaluator,java.lang.Class<T>]",evaluator,1
C:\Users\sugii syuji\jsoup\src\main\java\org\jsoup\nodes\Element.java,org.jsoup.nodes.Element,empty/0,size,2
C:\Users\sugii syuji\jsoup\src\main\java\org\jsoup\nodes\Element.java,org.jsoup.nodes.Element,empty/0,i,3
C:\Users\sugii syuji\jsoup\src\main\java\org\jsoup\nodes\Element.java,org.jsoup.nodes.Element,addClass/1[java.lang.String],classes,2
C:\Users\sugii syuji\jsoup\src\main\java\org\jsoup\nodes\Element.java,org.jsoup.nodes.Element,addClass/1[java.lang.String],className,2
C:\Users\sugii syuji\jsoup\src\main\java\org\jsoup\nodes\Element.java,org.jsoup.nodes.Element,selectStream/1[org.jsoup.nodes.Evaluator],evaluator,1
C:\Users\sugii syuji\jsoup\src\main\java\org\jsoup\nodes\Element.java,org.jsoup.nodes.Element,getElementsMatchingOwnText/1[java.util.regex.Pattern],pattern,1
C:\Users\sugii syuji\jsoup\src\main\java\org\jsoup\nodes\Element.java,org.jsoup.nodes.Element,selectNodes/1[org.jsoup.nodes.Evaluator],evaluator,1
C:\Users\sugii syuji\jsoup\src\main\java\org\jsoup\nodes\Element.java,org.jsoup.nodes.Element,before/1[java.lang.String],html,1
C:\Users\sugii syuji\jsoup\src\main\java\org\jsoup\nodes\Element.java,org.jsoup.nodes.Element,appendText/1[java.lang.String],node,1
C:\Users\sugii syuji\jsoup\src\main\java\org\jsoup\nodes\Element.java,org.jsoup.nodes.Element,appendText/1[java.lang.String],text,2
C:\Users\sugii syuji\jsoup\src\main\java\org\jsoup\nodes\Element.java,org.jsoup.nodes.Element,"insertChildren/2[int,org.jsoup.nodes.Node[]]",children,2
C:\Users\sugii syuji\jsoup\src\main\java\org\jsoup\nodes\Element.java,org.jsoup.nodes.Element,"insertChildren/2[int,org.jsoup.nodes.Node[]]",index,5
C:\Users\sugii syuji\jsoup\src\main\java\org\jsoup\nodes\Element.java,org.jsoup.nodes.Element,"insertChildren/2[int,org.jsoup.nodes.Node[]]",currentSize,2
C:\Users\sugii syuji\jsoup\src\main\java\org\jsoup\nodes\Element.java,org.jsoup.nodes.Element,select/1[java.lang.String],cssQuery,1
C:\Users\sugii syuji\jsoup\src\main\java\org\jsoup\nodes\Element.java,org.jsoup.nodes.Element,cachedChildren/0,modCount,3
C:\Users\sugii syuji\jsoup\src\main\java\org\jsoup\nodes\Element.java,org.jsoup.nodes.Element,cachedChildren/0,ref,2
C:\Users\sugii syuji\jsoup\src\main\java\org\jsoup\nodes\Element.java,org.jsoup.nodes.Element,cachedChildren/0,userData,3
C:\Users\sugii syuji\jsoup\src\main\java\org\jsoup\nodes\Element.java,org.jsoup.nodes.Element,cachedChildren/0,els,2
C:\Users\sugii syuji\jsoup\src\main\java\org\jsoup\nodes\Element.java,org.jsoup.nodes.Element,"getElementsByAttributeValue/2[java.lang.String,java.lang.String]",value,1
C:\Users\sugii syuji\jsoup\src\main\java\org\jsoup\nodes\Element.java,org.jsoup.nodes.Element,"getElementsByAttributeValue/2[java.lang.String,java.lang.String]",key,1
C:\Users\sugii syuji\jsoup\src\main\java\org\jsoup\nodes\Element.java,org.jsoup.nodes.Element,"Element/3[org.jsoup.nodes.Tag,java.lang.String,org.jsoup.nodes.Attributes]",baseUri,2
C:\Users\sugii syuji\jsoup\src\main\java\org\jsoup\nodes\Element.java,org.jsoup.nodes.Element,"Element/3[org.jsoup.nodes.Tag,java.lang.String,org.jsoup.nodes.Attributes]",attributes,2
C:\Users\sugii syuji\jsoup\src\main\java\org\jsoup\nodes\Element.java,org.jsoup.nodes.Element,"Element/3[org.jsoup.nodes.Tag,java.lang.String,org.jsoup.nodes.Attributes]",tag,3
C:\Users\sugii syuji\jsoup\src\main\java\org\jsoup\nodes\Element.java,org.jsoup.nodes.Element,"selectFirstNode/2[java.lang.String,java.lang.Class<T>]",type,1
C:\Users\sugii syuji\jsoup\src\main\java\org\jsoup\nodes\Element.java,org.jsoup.nodes.Element,"selectFirstNode/2[java.lang.String,java.lang.Class<T>]",cssQuery,1
C:\Users\sugii syuji\jsoup\src\main\java\org\jsoup\nodes\Element.java,org.jsoup.nodes.Element,removeClass/1[java.lang.String],classes,2
C:\Users\sugii syuji\jsoup\src\main\java\org\jsoup\nodes\Element.java,org.jsoup.nodes.Element,removeClass/1[java.lang.String],className,2
C:\Users\sugii syuji\jsoup\src\main\java\org\jsoup\nodes\Element.java,org.jsoup.nodes.Element,baseUri/0,baseUri,2
C:\Users\sugii syuji\jsoup\src\main\java\org\jsoup\nodes\Element.java,org.jsoup.nodes.Element,expectFirst/1[java.lang.String],cssQuery,2
C:\Users\sugii syuji\jsoup\src\main\java\org\jsoup\nodes\Element.java,org.jsoup.nodes.Element,filter/1[org.jsoup.nodes.NodeFilter],nodeFilter,1
C:\Users\sugii syuji\jsoup\src\main\java\org\jsoup\nodes\Element.java,org.jsoup.nodes.Element,"getElementsByAttributeValueNot/2[java.lang.String,java.lang.String]",value,1
C:\Users\sugii syuji\jsoup\src\main\java\org\jsoup\nodes\Element.java,org.jsoup.nodes.Element,"getElementsByAttributeValueNot/2[java.lang.String,java.lang.String]",key,1
C:\Users\sugii syuji\jsoup\src\main\java\org\jsoup\nodes\Element.java,org.jsoup.nodes.Element,"getElementsByAttributeValueMatching/2[java.lang.String,java.util.regex.Pattern]",pattern,1
C:\Users\sugii syuji\jsoup\src\main\java\org\jsoup\nodes\Element.java,org.jsoup.nodes.Element,"getElementsByAttributeValueMatching/2[java.lang.String,java.util.regex.Pattern]",key,1
C:\Users\sugii syuji\jsoup\src\main\java\org\jsoup\nodes\Element.java,org.jsoup.nodes.Element,closest/1[java.lang.String],cssQuery,1
C:\Users\sugii syuji\jsoup\src\main\java\org\jsoup\nodes\Element.java,org.jsoup.nodes.Element,wrap/1[java.lang.String],html,1
C:\Users\sugii syuji\jsoup\src\main\java\org\jsoup\nodes\Element.java,org.jsoup.nodes.Element,getElementsMatchingOwnText/1[java.lang.String],regex,2
C:\Users\sugii syuji\jsoup\src\main\java\org\jsoup\nodes\Element.java,org.jsoup.nodes.Element,getElementsMatchingOwnText/1[java.lang.String],e,1
C:\Users\sugii syuji\jsoup\src\main\java\org\jsoup\nodes\Element.java,org.jsoup.nodes.Element,getElementsMatchingOwnText/1[java.lang.String],pattern,2
C:\Users\sugii syuji\jsoup\src\main\java\org\jsoup\nodes\Element.java,org.jsoup.nodes.Element,doSetBaseUri/1[java.lang.String],baseUri,1
C:\Users\sugii syuji\jsoup\src\main\java\org\jsoup\nodes\Element.java,org.jsoup.nodes.Element,"getElementsByAttributeValueMatching/2[java.lang.String,java.lang.String]",regex,2
C:\Users\sugii syuji\jsoup\src\main\java\org\jsoup\nodes\Element.java,org.jsoup.nodes.Element,"getElementsByAttributeValueMatching/2[java.lang.String,java.lang.String]",e,1
C:\Users\sugii syuji\jsoup\src\main\java\org\jsoup\nodes\Element.java,org.jsoup.nodes.Element,"getElementsByAttributeValueMatching/2[java.lang.String,java.lang.String]",pattern,2
C:\Users\sugii syuji\jsoup\src\main\java\org\jsoup\nodes\Element.java,org.jsoup.nodes.Element,"getElementsByAttributeValueMatching/2[java.lang.String,java.lang.String]",key,1
C:\Users\sugii syuji\jsoup\src\main\java\org\jsoup\nodes\Element.java,org.jsoup.nodes.Element,getElementsByIndexEquals/1[int],index,1
C:\Users\sugii syuji\jsoup\src\main\java\org\jsoup\nodes\Element.java,org.jsoup.nodes.Element,stashChildren/1[java.util.List<org.jsoup.nodes.Element>],ref,1
C:\Users\sugii syuji\jsoup\src\main\java\org\jsoup\nodes\Element.java,org.jsoup.nodes.Element,stashChildren/1[java.util.List<org.jsoup.nodes.Element>],userData,3
C:\Users\sugii syuji\jsoup\src\main\java\org\jsoup\nodes\Element.java,org.jsoup.nodes.Element,stashChildren/1[java.util.List<org.jsoup.nodes.Element>],els,1
C:\Users\sugii syuji\jsoup\src\main\java\org\jsoup\nodes\Element.java,org.jsoup.nodes.Element,appendTo/1[org.jsoup.nodes.Element],parent,2
C:\Users\sugii syuji\jsoup\src\main\java\org\jsoup\nodes\Element.java,org.jsoup.nodes.Element,"insertChildren/2[int,java.util.Collection<? extends org.jsoup.nodes.Node>]",children,2
C:\Users\sugii syuji\jsoup\src\main\java\org\jsoup\nodes\Element.java,org.jsoup.nodes.Element,"insertChildren/2[int,java.util.Collection<? extends org.jsoup.nodes.Node>]",index,5
C:\Users\sugii syuji\jsoup\src\main\java\org\jsoup\nodes\Element.java,org.jsoup.nodes.Element,"insertChildren/2[int,java.util.Collection<? extends org.jsoup.nodes.Node>]",currentSize,2
C:\Users\sugii syuji\jsoup\src\main\java\org\jsoup\nodes\Element.java,org.jsoup.nodes.Element,"outerHtmlHead/2[org.jsoup.nodes.QuietAppendable,Document.OutputSettings]",xmlMode,2
C:\Users\sugii syuji\jsoup\src\main\java\org\jsoup\nodes\Element.java,org.jsoup.nodes.Element,"outerHtmlHead/2[org.jsoup.nodes.QuietAppendable,Document.OutputSettings]",accum,6
C:\Users\sugii syuji\jsoup\src\main\java\org\jsoup\nodes\Element.java,org.jsoup.nodes.Element,"outerHtmlHead/2[org.jsoup.nodes.QuietAppendable,Document.OutputSettings]",tagName,2
C:\Users\sugii syuji\jsoup\src\main\java\org\jsoup\nodes\Element.java,org.jsoup.nodes.Element,"outerHtmlHead/2[org.jsoup.nodes.QuietAppendable,Document.OutputSettings]",out,3
C:\Users\sugii syuji\jsoup\src\main\java\org\jsoup\nodes\Element.java,org.jsoup.nodes.Element,filterNodes/1[java.lang.Class<T>],clazz,2
C:\Users\sugii syuji\jsoup\src\main\java\org\jsoup\nodes\Element.java,org.jsoup.nodes.Element,tagName/1[java.lang.String],tagName,2
C:\Users\sugii syuji\jsoup\src\main\java\org\jsoup\nodes\Element.java,org.jsoup.nodes.Element,"expectFirstNode/2[java.lang.String,java.lang.Class<T>]",type,1
C:\Users\sugii syuji\jsoup\src\main\java\org\jsoup\nodes\Element.java,org.jsoup.nodes.Element,"expectFirstNode/2[java.lang.String,java.lang.Class<T>]",cssQuery,2
C:\Users\sugii syuji\jsoup\src\main\java\org\jsoup\nodes\Element.java,org.jsoup.nodes.Element,reindexChildren/0,size,2
C:\Users\sugii syuji\jsoup\src\main\java\org\jsoup\nodes\Element.java,org.jsoup.nodes.Element,reindexChildren/0,i,4
C:\Users\sugii syuji\jsoup\src\main\java\org\jsoup\nodes\Element.java,org.jsoup.nodes.Element,prependElement/1[java.lang.String],tagName,1
C:\Users\sugii syuji\jsoup\src\main\java\org\jsoup\nodes\Element.java,org.jsoup.nodes.Element,"attr/2[java.lang.String,java.lang.String]",attributeValue,1
C:\Users\sugii syuji\jsoup\src\main\java\org\jsoup\nodes\Element.java,org.jsoup.nodes.Element,"attr/2[java.lang.String,java.lang.String]",attributeKey,1
C:\Users\sugii syuji\jsoup\src\main\java\org\jsoup\nodes\Element.java,org.jsoup.nodes.Element,is/1[org.jsoup.nodes.Evaluator],evaluator,1
C:\Users\sugii syuji\jsoup\src\main\java\org\jsoup\nodes\Element.java,org.jsoup.nodes.Element,selectXpath/1[java.lang.String],xpath,1
C:\Users\sugii syuji\jsoup\src\main\java\org\jsoup\nodes\Element.java,org.jsoup.nodes.Element,"getElementsByAttributeValueContaining/2[java.lang.String,java.lang.String]",match,1
C:\Users\sugii syuji\jsoup\src\main\java\org\jsoup\nodes\Element.java,org.jsoup.nodes.Element,"getElementsByAttributeValueContaining/2[java.lang.String,java.lang.String]",key,1
C:\Users\sugii syuji\jsoup\src\main\java\org\jsoup\nodes\Element.java,org.jsoup.nodes.Element,before/1[org.jsoup.nodes.Node],node,1
C:\Users\sugii syuji\jsoup\src\main\java\org\jsoup\nodes\Element.java,org.jsoup.nodes.Element,getElementsContainingText/1[java.lang.String],searchText,1
C:\Users\sugii syuji\jsoup\src\main\java\org\jsoup\nodes\Element.java,org.jsoup.nodes.Element,"appendElement/2[java.lang.String,java.lang.String]",parser,3
C:\Users\sugii syuji\jsoup\src\main\java\org\jsoup\nodes\Element.java,org.jsoup.nodes.Element,"appendElement/2[java.lang.String,java.lang.String]",namespace,1
C:\Users\sugii syuji\jsoup\src\main\java\org\jsoup\nodes\Element.java,org.jsoup.nodes.Element,"appendElement/2[java.lang.String,java.lang.String]",tagName,1
C:\Users\sugii syuji\jsoup\src\main\java\org\jsoup\nodes\Element.java,org.jsoup.nodes.Element,"appendElement/2[java.lang.String,java.lang.String]",child,2
C:\Users\sugii syuji\jsoup\src\main\java\org\jsoup\nodes\Element.java,org.jsoup.nodes.Element,attribute/1[java.lang.String],key,1
C:\Users\sugii syuji\jsoup\src\main\java\org\jsoup\nodes\Element.java,org.jsoup.nodes.Element,ownText/1[java.lang.StringBuilder],textNode,1
C:\Users\sugii syuji\jsoup\src\main\java\org\jsoup\nodes\Element.java,org.jsoup.nodes.Element,ownText/1[java.lang.StringBuilder],i,3
C:\Users\sugii syuji\jsoup\src\main\java\org\jsoup\nodes\Element.java,org.jsoup.nodes.Element,ownText/1[java.lang.StringBuilder],accum,3
C:\Users\sugii syuji\jsoup\src\main\java\org\jsoup\nodes\Element.java,org.jsoup.nodes.Element,ownText/1[java.lang.StringBuilder],child,3
C:\Users\sugii syuji\jsoup\src\main\java\org\jsoup\nodes\Element.java,org.jsoup.nodes.Element,child/1[int],node,2
C:\Users\sugii syuji\jsoup\src\main\java\org\jsoup\nodes\Element.java,org.jsoup.nodes.Element,child/1[int],size,2
C:\Users\sugii syuji\jsoup\src\main\java\org\jsoup\nodes\Element.java,org.jsoup.nodes.Element,child/1[int],e,1
C:\Users\sugii syuji\jsoup\src\main\java\org\jsoup\nodes\Element.java,org.jsoup.nodes.Element,child/1[int],cached,2
C:\Users\sugii syuji\jsoup\src\main\java\org\jsoup\nodes\Element.java,org.jsoup.nodes.Element,child/1[int],index,4
C:\Users\sugii syuji\jsoup\src\main\java\org\jsoup\nodes\Element.java,org.jsoup.nodes.Element,child/1[int],i,3
C:\Users\sugii syuji\jsoup\src\main\java\org\jsoup\nodes\Element.java,org.jsoup.nodes.Element,cssSelector/0,ownerDoc,2
C:\Users\sugii syuji\jsoup\src\main\java\org\jsoup\nodes\Element.java,org.jsoup.nodes.Element,cssSelector/0,el,6
C:\Users\sugii syuji\jsoup\src\main\java\org\jsoup\nodes\Element.java,org.jsoup.nodes.Element,cssSelector/0,idSel,5
C:\Users\sugii syuji\jsoup\src\main\java\org\jsoup\nodes\Element.java,org.jsoup.nodes.Element,cssSelector/0,selector,3
C:\Users\sugii syuji\jsoup\src\main\java\org\jsoup\nodes\Element.java,org.jsoup.nodes.Element,val/1[java.lang.String],value,2
C:\Users\sugii syuji\jsoup\src\main\java\org\jsoup\nodes\Element.java,org.jsoup.nodes.Element,"elementIs/2[java.lang.String,java.lang.String]",normalName,2
C:\Users\sugii syuji\jsoup\src\main\java\org\jsoup\nodes\Element.java,org.jsoup.nodes.Element,"elementIs/2[java.lang.String,java.lang.String]",namespace,2
C:\Users\sugii syuji\jsoup\src\main\java\org\jsoup\nodes\Element.java,org.jsoup.nodes.Element,"appendNormalisedText/2[java.lang.StringBuilder,org.jsoup.nodes.TextNode]",textNode,3
C:\Users\sugii syuji\jsoup\src\main\java\org\jsoup\nodes\Element.java,org.jsoup.nodes.Element,"appendNormalisedText/2[java.lang.StringBuilder,org.jsoup.nodes.TextNode]",text,2
C:\Users\sugii syuji\jsoup\src\main\java\org\jsoup\nodes\Element.java,org.jsoup.nodes.Element,"appendNormalisedText/2[java.lang.StringBuilder,org.jsoup.nodes.TextNode]",accum,3
C:\Users\sugii syuji\jsoup\src\main\java\org\jsoup\nodes\Element.java,org.jsoup.nodes.Element,html/1[java.lang.String],html,1
C:\Users\sugii syuji\jsoup\src\main\java\org\jsoup\nodes\Element.java,org.jsoup.nodes.Element,shallowClone/0,baseUri,4
C:\Users\sugii syuji\jsoup\src\main\java\org\jsoup\nodes\Element.java,org.jsoup.nodes.Element,getElementsContainingOwnText/1[java.lang.String],searchText,1
C:\Users\sugii syuji\jsoup\src\main\java\org\jsoup\nodes\Element.java,org.jsoup.nodes.Element,getElementById/1[java.lang.String],id,2
C:\Users\sugii syuji\jsoup\src\main\java\org\jsoup\nodes\Element.java,org.jsoup.nodes.Element,getElementsMatchingText/1[java.lang.String],regex,2
C:\Users\sugii syuji\jsoup\src\main\java\org\jsoup\nodes\Element.java,org.jsoup.nodes.Element,getElementsMatchingText/1[java.lang.String],e,1
C:\Users\sugii syuji\jsoup\src\main\java\org\jsoup\nodes\Element.java,org.jsoup.nodes.Element,getElementsMatchingText/1[java.lang.String],pattern,2
C:\Users\sugii syuji\jsoup\src\main\java\org\jsoup\nodes\Element.java,org.jsoup.nodes.Element,"selectXpath/2[java.lang.String,java.lang.Class<T>]",xpath,1
C:\Users\sugii syuji\jsoup\src\main\java\org\jsoup\nodes\Element.java,org.jsoup.nodes.Element,"selectXpath/2[java.lang.String,java.lang.Class<T>]",nodeType,1
C:\Users\sugii syuji\jsoup\src\main\java\org\jsoup\nodes\Element.java,org.jsoup.nodes.Element,tag/1[org.jsoup.nodes.Tag],tag,3
C:\Users\sugii syuji\jsoup\src\main\java\org\jsoup\nodes\Element.java,org.jsoup.nodes.Element,traverse/1[org.jsoup.nodes.NodeVisitor],nodeVisitor,1
C:\Users\sugii syuji\jsoup\src\main\java\org\jsoup\nodes\Element.java,org.jsoup.nodes.Element,getElementsByClass/1[java.lang.String],className,2
C:\Users\sugii syuji\jsoup\src\main\java\org\jsoup\nodes\Element.java,org.jsoup.nodes.Element,ownText/0,sb,2
C:\Users\sugii syuji\jsoup\src\main\java\org\jsoup\nodes\Element.java,org.jsoup.nodes.Element,wholeTextOf/1[java.util.stream.Stream<org.jsoup.nodes.Node>],node,3
C:\Users\sugii syuji\jsoup\src\main\java\org\jsoup\nodes\Element.java,org.jsoup.nodes.Element,wholeTextOf/1[java.util.stream.Stream<org.jsoup.nodes.Node>],stream,1
C:\Users\sugii syuji\jsoup\src\main\java\org\jsoup\nodes\Element.java,org.jsoup.nodes.Element,text/1[java.lang.String],text,3
C:\Users\sugii syuji\jsoup\src\main\java\org\jsoup\nodes\Element.java,org.jsoup.nodes.Element,removeAttr/1[java.lang.String],attributeKey,1
C:\Users\sugii syuji\jsoup\src\main\java\org\jsoup\nodes\Element.java,org.jsoup.nodes.Element,classNames/0,names,1
C:\Users\sugii syuji\jsoup\src\main\java\org\jsoup\nodes\Element.java,org.jsoup.nodes.Element,classNames/0,classNames,2
C:\Users\sugii syuji\jsoup\src\main\java\org\jsoup\nodes\Element.java,org.jsoup.nodes.Element,"indexInList/2[org.jsoup.nodes.Element,java.util.List<E>]",search,1
C:\Users\sugii syuji\jsoup\src\main\java\org\jsoup\nodes\Element.java,org.jsoup.nodes.Element,"indexInList/2[org.jsoup.nodes.Element,java.util.List<E>]",size,2
C:\Users\sugii syuji\jsoup\src\main\java\org\jsoup\nodes\Element.java,org.jsoup.nodes.Element,"indexInList/2[org.jsoup.nodes.Element,java.util.List<E>]",elements,2
C:\Users\sugii syuji\jsoup\src\main\java\org\jsoup\nodes\Element.java,org.jsoup.nodes.Element,"indexInList/2[org.jsoup.nodes.Element,java.util.List<E>]",i,4
C:\Users\sugii syuji\jsoup\src\main\java\org\jsoup\nodes\Element.java,org.jsoup.nodes.Element,prependChildren/1[java.util.Collection<? extends org.jsoup.nodes.Node>],children,1
C:\Users\sugii syuji\jsoup\src\main\java\org\jsoup\nodes\Element.java,org.jsoup.nodes.Element,html/0,html,2
C:\Users\sugii syuji\jsoup\src\main\java\org\jsoup\nodes\Element.java,org.jsoup.nodes.Element,html/0,sb,2
C:\Users\sugii syuji\jsoup\src\main\java\org\jsoup\nodes\Element.java,org.jsoup.nodes.Element,appendElement/1[java.lang.String],tagName,1
C:\Users\sugii syuji\jsoup\src\main\java\org\jsoup\nodes\Element.java,org.jsoup.nodes.Element,getElementsByAttribute/1[java.lang.String],key,4
C:\Users\sugii syuji\jsoup\src\main\java\org\jsoup\nodes\Element.java,org.jsoup.nodes.Element,after/1[org.jsoup.nodes.Node],node,1
C:\Users\sugii syuji\jsoup\src\main\java\org\jsoup\nodes\Element.java,org.jsoup.nodes.Element,text/0,accum,2
C:\Users\sugii syuji\jsoup\src\main\java\org\jsoup\nodes\Element.java,org.jsoup.nodes.Element,hasText/0,node,2
C:\Users\sugii syuji\jsoup\src\main\java\org\jsoup\nodes\Element.java,org.jsoup.nodes.Element,hasText/0,depth,0
C:\Users\sugii syuji\jsoup\src\main\java\org\jsoup\nodes\Element.java,org.jsoup.nodes.Element,hasText/0,textNode,1
C:\Users\sugii syuji\jsoup\src\main\java\org\jsoup\nodes\Element.java,org.jsoup.nodes.Element,hasText/0,hasText,2
C:\Users\sugii syuji\jsoup\src\main\java\org\jsoup\nodes\Element.java,org.jsoup.nodes.Element,"selectNodes/2[org.jsoup.nodes.Evaluator,java.lang.Class<T>]",type,1
C:\Users\sugii syuji\jsoup\src\main\java\org\jsoup\nodes\Element.java,org.jsoup.nodes.Element,"selectNodes/2[org.jsoup.nodes.Evaluator,java.lang.Class<T>]",evaluator,2
C:\Users\sugii syuji\jsoup\src\main\java\org\jsoup\nodes\Element.java,org.jsoup.nodes.Element,firstElementChild/0,node,2
C:\Users\sugii syuji\jsoup\src\main\java\org\jsoup\nodes\Element.java,org.jsoup.nodes.Element,firstElementChild/0,size,2
C:\Users\sugii syuji\jsoup\src\main\java\org\jsoup\nodes\Element.java,org.jsoup.nodes.Element,firstElementChild/0,i,3
C:\Users\sugii syuji\jsoup\src\main\java\org\jsoup\nodes\Element.java,org.jsoup.nodes.Element,after/1[java.lang.String],html,1
C:\Users\sugii syuji\jsoup\src\main\java\org\jsoup\nodes\Element.java,org.jsoup.nodes.Element,id/1[java.lang.String],id,2
C:\Users\sugii syuji\jsoup\src\main\java\org\jsoup\nodes\Element.java,org.jsoup.nodes.Element,childElementsList/0,children,4
C:\Users\sugii syuji\jsoup\src\main\java\org\jsoup\nodes\Element.java,org.jsoup.nodes.Element,classNames/1[java.util.Set<java.lang.String>],classNames,3
C:\Users\sugii syuji\jsoup\src\main\java\org\jsoup\nodes\Element.java,org.jsoup.nodes.Element,data/0,depth,0
C:\Users\sugii syuji\jsoup\src\main\java\org\jsoup\nodes\Element.java,org.jsoup.nodes.Element,data/0,data,1
C:\Users\sugii syuji\jsoup\src\main\java\org\jsoup\nodes\Element.java,org.jsoup.nodes.Element,data/0,comment,1
C:\Users\sugii syuji\jsoup\src\main\java\org\jsoup\nodes\Element.java,org.jsoup.nodes.Element,data/0,cDataNode,1
C:\Users\sugii syuji\jsoup\src\main\java\org\jsoup\nodes\Element.java,org.jsoup.nodes.Element,data/0,sb,4
C:\Users\sugii syuji\jsoup\src\main\java\org\jsoup\nodes\Element.java,org.jsoup.nodes.Element,data/0,childNode,6
C:\Users\sugii syuji\jsoup\src\main\java\org\jsoup\nodes\Element.java,org.jsoup.nodes.Element,lastElementChild/0,node,2
C:\Users\sugii syuji\jsoup\src\main\java\org\jsoup\nodes\Element.java,org.jsoup.nodes.Element,lastElementChild/0,i,3
C:\Users\sugii syuji\jsoup\src\main\java\org\jsoup\nodes\Element.java,org.jsoup.nodes.Element,doClone/1[org.jsoup.nodes.Node],parent,1
C:\Users\sugii syuji\jsoup\src\main\java\org\jsoup\nodes\Element.java,org.jsoup.nodes.Element,doClone/1[org.jsoup.nodes.Node],clone,6
C:\Users\sugii syuji\jsoup\src\main\java\org\jsoup\nodes\Element.java,org.jsoup.nodes.Element,select/1[org.jsoup.nodes.Evaluator],evaluator,1
C:\Users\sugii syuji\jsoup\src\main\java\org\jsoup\nodes\Element.java,org.jsoup.nodes.Element,closest/1[org.jsoup.nodes.Evaluator],el,5
C:\Users\sugii syuji\jsoup\src\main\java\org\jsoup\nodes\Element.java,org.jsoup.nodes.Element,closest/1[org.jsoup.nodes.Evaluator],root,2
C:\Users\sugii syuji\jsoup\src\main\java\org\jsoup\nodes\Element.java,org.jsoup.nodes.Element,closest/1[org.jsoup.nodes.Evaluator],evaluator,2
C:\Users\sugii syuji\jsoup\src\main\java\org\jsoup\nodes\Element.java,org.jsoup.nodes.Element,prependChild/1[org.jsoup.nodes.Node],child,2
C:\Users\sugii syuji\jsoup\src\main\java\org\jsoup\nodes\Element.java,org.jsoup.nodes.Element,"selectNodes/2[java.lang.String,java.lang.Class<T>]",type,1
C:\Users\sugii syuji\jsoup\src\main\java\org\jsoup\nodes\Element.java,org.jsoup.nodes.Element,"selectNodes/2[java.lang.String,java.lang.Class<T>]",cssQuery,2
C:\Users\sugii syuji\jsoup\src\main\java\org\jsoup\nodes\Element.java,org.jsoup.nodes.Element,"Element/2[java.lang.String,java.lang.String]",namespace,1
C:\Users\sugii syuji\jsoup\src\main\java\org\jsoup\nodes\Element.java,org.jsoup.nodes.Element,"Element/2[java.lang.String,java.lang.String]",tag,1
C:\Users\sugii syuji\jsoup\src\main\java\org\jsoup\nodes\Element.java,org.jsoup.nodes.Element,parents/0,parent,7
C:\Users\sugii syuji\jsoup\src\main\java\org\jsoup\nodes\Element.java,org.jsoup.nodes.Element,parents/0,parents,2
C:\Users\sugii syuji\jsoup\src\main\java\org\jsoup\nodes\Element.java,org.jsoup.nodes.Element,appendChildren/1[java.util.Collection<? extends org.jsoup.nodes.Node>],children,1
C:\Users\sugii syuji\jsoup\src\main\java\org\jsoup\nodes\Element.java,org.jsoup.nodes.Element,getElementsByAttributeStarting/1[java.lang.String],keyPrefix,4
C:\Users\sugii syuji\jsoup\src\main\java\org\jsoup\nodes\Element.java,org.jsoup.nodes.Element,getElementsByIndexGreaterThan/1[int],index,1
C:\Users\sugii syuji\jsoup\src\main\java\org\jsoup\nodes\Element.java,org.jsoup.nodes.Element,append/1[java.lang.String],nodes,1
C:\Users\sugii syuji\jsoup\src\main\java\org\jsoup\nodes\Element.java,org.jsoup.nodes.Element,append/1[java.lang.String],html,2
C:\Users\sugii syuji\jsoup\src\main\java\org\jsoup\nodes\Element.java,org.jsoup.nodes.Element,"tagName/2[java.lang.String,java.lang.String]",parser,3
C:\Users\sugii syuji\jsoup\src\main\java\org\jsoup\nodes\Element.java,org.jsoup.nodes.Element,"tagName/2[java.lang.String,java.lang.String]",namespace,2
C:\Users\sugii syuji\jsoup\src\main\java\org\jsoup\nodes\Element.java,org.jsoup.nodes.Element,"tagName/2[java.lang.String,java.lang.String]",tagName,2
C:\Users\sugii syuji\jsoup\src\main\java\org\jsoup\nodes\Element.java,org.jsoup.nodes.Element,cssSelectorComponent/0,classes,2
C:\Users\sugii syuji\jsoup\src\main\java\org\jsoup\nodes\Element.java,org.jsoup.nodes.Element,cssSelectorComponent/0,selector,6
C:\Users\sugii syuji\jsoup\src\main\java\org\jsoup\nodes\Element.java,org.jsoup.nodes.Element,cssSelectorComponent/0,tagName,2
C:\Users\sugii syuji\jsoup\src\main\java\org\jsoup\nodes\Element.java,org.jsoup.nodes.Element,"outerHtmlTail/2[org.jsoup.nodes.QuietAppendable,Document.OutputSettings]",accum,1
C:\Users\sugii syuji\jsoup\src\main\java\org\jsoup\nodes\Element.java,org.jsoup.nodes.Element,"outerHtmlTail/2[org.jsoup.nodes.QuietAppendable,Document.OutputSettings]",out,1
C:\Users\sugii syuji\jsoup\src\main\java\org\jsoup\nodes\Element.java,org.jsoup.nodes.Element,siblingElements/0,siblings,2
C:\Users\sugii syuji\jsoup\src\main\java\org\jsoup\nodes\Element.java,org.jsoup.nodes.Element,siblingElements/0,elements,2
C:\Users\sugii syuji\jsoup\src\main\java\org\jsoup\nodes\Element.java,org.jsoup.nodes.Element,siblingElements/0,el,2
C:\Users\sugii syuji\jsoup\src\main\java\org\jsoup\nodes\Element.java,org.jsoup.nodes.Element,html/1[T],printer,1
C:\Users\sugii syuji\jsoup\src\main\java\org\jsoup\nodes\Element.java,org.jsoup.nodes.Element,html/1[T],accum,2
C:\Users\sugii syuji\jsoup\src\main\java\org\jsoup\nodes\Element.java,org.jsoup.nodes.Element,html/1[T],child,6
C:\Users\sugii syuji\jsoup\src\main\java\org\jsoup\nodes\Element.java,org.jsoup.nodes.Element,appendChild/1[org.jsoup.nodes.Node],child,4
C:\Users\sugii syuji\jsoup\src\main\java\org\jsoup\nodes\Element.java,org.jsoup.nodes.Element,getElementsMatchingText/1[java.util.regex.Pattern],pattern,1
C:\Users\sugii syuji\jsoup\src\main\java\org\jsoup\nodes\Element.java,org.jsoup.nodes.Element,nextElementSiblings/1[boolean],next,1
C:\Users\sugii syuji\jsoup\src\main\java\org\jsoup\nodes\Element.java,org.jsoup.nodes.Element,nextElementSiblings/1[boolean],els,4
C:\Users\sugii syuji\jsoup\src\main\java\org\jsoup\nodes\Element.java,org.jsoup.nodes.Element,prependText/1[java.lang.String],node,1
C:\Users\sugii syuji\jsoup\src\main\java\org\jsoup\nodes\Element.java,org.jsoup.nodes.Element,prependText/1[java.lang.String],text,2
C:\Users\sugii syuji\jsoup\src\main\java\org\jsoup\nodes\Element.java,org.jsoup.nodes.Element,uniqueIdSelector/1[org.jsoup.nodes.Document],ownerDoc,2
C:\Users\sugii syuji\jsoup\src\main\java\org\jsoup\nodes\Element.java,org.jsoup.nodes.Element,uniqueIdSelector/1[org.jsoup.nodes.Document],idSel,3
C:\Users\sugii syuji\jsoup\src\main\java\org\jsoup\nodes\Element.java,org.jsoup.nodes.Element,uniqueIdSelector/1[org.jsoup.nodes.Document],id,3
C:\Users\sugii syuji\jsoup\src\main\java\org\jsoup\nodes\Element.java,org.jsoup.nodes.Element,uniqueIdSelector/1[org.jsoup.nodes.Document],els,2
C:\Users\sugii syuji\jsoup\src\main\java\org\jsoup\nodes\Element.java,org.jsoup.nodes.Element,"getElementsByAttributeValueStarting/2[java.lang.String,java.lang.String]",valuePrefix,1
C:\Users\sugii syuji\jsoup\src\main\java\org\jsoup\nodes\Element.java,org.jsoup.nodes.Element,"getElementsByAttributeValueStarting/2[java.lang.String,java.lang.String]",key,1
C:\Users\sugii syuji\jsoup\src\main\java\org\jsoup\select\Evaluator.java,org.jsoup.select.Evaluator$IsOnlyChild,"matches/2[org.jsoup.select.Element,org.jsoup.select.Element]",p,2
C:\Users\sugii syuji\jsoup\src\main\java\org\jsoup\select\Evaluator.java,org.jsoup.select.Evaluator$IsOnlyChild,"matches/2[org.jsoup.select.Element,org.jsoup.select.Element]",root,0
C:\Users\sugii syuji\jsoup\src\main\java\org\jsoup\select\Evaluator.java,org.jsoup.select.Evaluator$IsOnlyChild,"matches/2[org.jsoup.select.Element,org.jsoup.select.Element]",element,2
C:\Users\sugii syuji\jsoup\src\main\java\org\jsoup\select\Evaluator.java,org.jsoup.select.Evaluator$IsNthChild,"IsNthChild/2[int,int]",offset,1
C:\Users\sugii syuji\jsoup\src\main\java\org\jsoup\select\Evaluator.java,org.jsoup.select.Evaluator$IsNthChild,"IsNthChild/2[int,int]",step,1
C:\Users\sugii syuji\jsoup\src\main\java\org\jsoup\select\Evaluator.java,org.jsoup.select.Evaluator$IsNthChild,"calculatePosition/2[org.jsoup.select.Element,org.jsoup.select.Element]",root,0
C:\Users\sugii syuji\jsoup\src\main\java\org\jsoup\select\Evaluator.java,org.jsoup.select.Evaluator$IsNthChild,"calculatePosition/2[org.jsoup.select.Element,org.jsoup.select.Element]",element,1
C:\Users\sugii syuji\jsoup\src\main\java\org\jsoup\helper\Regex.java,org.jsoup.helper.Regex,compile/1[java.lang.String],regex,2
C:\Users\sugii syuji\jsoup\src\main\java\org\jsoup\helper\Regex.java,org.jsoup.helper.Regex,compile/1[java.lang.String],e,1
C:\Users\sugii syuji\jsoup\src\main\java\org\jsoup\helper\Regex.java,org.jsoup.helper.Regex,fromPattern/1[java.util.regex.Pattern],pattern,1
C:\Users\sugii syuji\jsoup\src\main\java\org\jsoup\helper\Regex.java,org.jsoup.helper.Regex,hasRe2j/0,getModule,2
C:\Users\sugii syuji\jsoup\src\main\java\org\jsoup\helper\Regex.java,org.jsoup.helper.Regex,hasRe2j/0,moduleCls,4
C:\Users\sugii syuji\jsoup\src\main\java\org\jsoup\helper\Regex.java,org.jsoup.helper.Regex,hasRe2j/0,e,2
C:\Users\sugii syuji\jsoup\src\main\java\org\jsoup\helper\Regex.java,org.jsoup.helper.Regex,hasRe2j/0,jsoupMod,2
C:\Users\sugii syuji\jsoup\src\main\java\org\jsoup\helper\Regex.java,org.jsoup.helper.Regex,hasRe2j/0,reads,1
C:\Users\sugii syuji\jsoup\src\main\java\org\jsoup\helper\Regex.java,org.jsoup.helper.Regex,hasRe2j/0,ignore,0
C:\Users\sugii syuji\jsoup\src\main\java\org\jsoup\helper\Regex.java,org.jsoup.helper.Regex,hasRe2j/0,re2Mod,2
C:\Users\sugii syuji\jsoup\src\main\java\org\jsoup\helper\Regex.java,org.jsoup.helper.Regex,hasRe2j/0,re2,1
C:\Users\sugii syuji\jsoup\src\main\java\org\jsoup\helper\Regex.java,org.jsoup.helper.Regex,matcher/1[java.lang.CharSequence],input,1
C:\Users\sugii syuji\jsoup\src\main\java\org\jsoup\helper\Regex.java,org.jsoup.helper.Regex,Regex/1[java.util.regex.Pattern],jdkPattern,2
C:\Users\sugii syuji\jsoup\src\main\java\org\jsoup\helper\Regex.java,org.jsoup.helper.Regex,wantsRe2j/1[boolean],use,1
C:\Users\sugii syuji\jsoup\src\main\java\org\jsoup\select\NodeEvaluator.java,org.jsoup.select.NodeEvaluator$ContainsValue,ContainsValue/1[java.lang.String],searchText,2
C:\Users\sugii syuji\jsoup\src\main\java\org\jsoup\select\NodeEvaluator.java,org.jsoup.select.NodeEvaluator$ContainsValue,evaluateMatch/1[org.jsoup.select.Node],node,1
C:\Users\sugii syuji\jsoup\src\main\java\org\jsoup\select\Evaluator.java,org.jsoup.select.Evaluator$Class,"matches/2[org.jsoup.select.Element,org.jsoup.select.Element]",root,0
C:\Users\sugii syuji\jsoup\src\main\java\org\jsoup\select\Evaluator.java,org.jsoup.select.Evaluator$Class,"matches/2[org.jsoup.select.Element,org.jsoup.select.Element]",element,1
C:\Users\sugii syuji\jsoup\src\main\java\org\jsoup\select\Evaluator.java,org.jsoup.select.Evaluator$Class,Class/1[java.lang.String],className,2
C:\Users\sugii syuji\jsoup\src\main\java\org\jsoup\select\Evaluator.java,org.jsoup.select.Evaluator$AttributeKeyPair,"AttributeKeyPair/3[java.lang.String,java.lang.String,boolean]",ignored,0
C:\Users\sugii syuji\jsoup\src\main\java\org\jsoup\select\Evaluator.java,org.jsoup.select.Evaluator$AttributeKeyPair,"AttributeKeyPair/3[java.lang.String,java.lang.String,boolean]",value,1
C:\Users\sugii syuji\jsoup\src\main\java\org\jsoup\select\Evaluator.java,org.jsoup.select.Evaluator$AttributeKeyPair,"AttributeKeyPair/3[java.lang.String,java.lang.String,boolean]",key,1
C:\Users\sugii syuji\jsoup\src\main\java\org\jsoup\select\Evaluator.java,org.jsoup.select.Evaluator$AttributeKeyPair,"AttributeKeyPair/2[java.lang.String,java.lang.String]",quoted,1
C:\Users\sugii syuji\jsoup\src\main\java\org\jsoup\select\Evaluator.java,org.jsoup.select.Evaluator$AttributeKeyPair,"AttributeKeyPair/2[java.lang.String,java.lang.String]",value,10
C:\Users\sugii syuji\jsoup\src\main\java\org\jsoup\select\Evaluator.java,org.jsoup.select.Evaluator$AttributeKeyPair,"AttributeKeyPair/2[java.lang.String,java.lang.String]",key,3
C:\Users\sugii syuji\jsoup\src\main\java\org\jsoup\select\Evaluator.java,org.jsoup.select.Evaluator$MatchesOwn,MatchesOwn/1[org.jsoup.select.Regex],pattern,2
C:\Users\sugii syuji\jsoup\src\main\java\org\jsoup\select\Evaluator.java,org.jsoup.select.Evaluator$MatchesOwn,MatchesOwn/1[java.util.regex.Pattern],pattern,1
C:\Users\sugii syuji\jsoup\src\main\java\org\jsoup\select\Evaluator.java,org.jsoup.select.Evaluator$MatchesOwn,"matches/2[org.jsoup.select.Element,org.jsoup.select.Element]",root,0
C:\Users\sugii syuji\jsoup\src\main\java\org\jsoup\select\Evaluator.java,org.jsoup.select.Evaluator$MatchesOwn,"matches/2[org.jsoup.select.Element,org.jsoup.select.Element]",element,1
C:\Users\sugii syuji\jsoup\src\main\java\org\jsoup\select\Evaluator.java,org.jsoup.select.Evaluator$ContainsWholeOwnText,ContainsWholeOwnText/1[java.lang.String],searchText,2
C:\Users\sugii syuji\jsoup\src\main\java\org\jsoup\select\Evaluator.java,org.jsoup.select.Evaluator$ContainsWholeOwnText,"matches/2[org.jsoup.select.Element,org.jsoup.select.Element]",root,0
C:\Users\sugii syuji\jsoup\src\main\java\org\jsoup\select\Evaluator.java,org.jsoup.select.Evaluator$ContainsWholeOwnText,"matches/2[org.jsoup.select.Element,org.jsoup.select.Element]",element,1
C:\Users\sugii syuji\jsoup\src\main\java\org\jsoup\select\Evaluator.java,org.jsoup.select.Evaluator$IsNthLastOfType,"calculatePosition/2[org.jsoup.select.Element,org.jsoup.select.Element]",next,4
C:\Users\sugii syuji\jsoup\src\main\java\org\jsoup\select\Evaluator.java,org.jsoup.select.Evaluator$IsNthLastOfType,"calculatePosition/2[org.jsoup.select.Element,org.jsoup.select.Element]",parent,2
C:\Users\sugii syuji\jsoup\src\main\java\org\jsoup\select\Evaluator.java,org.jsoup.select.Evaluator$IsNthLastOfType,"calculatePosition/2[org.jsoup.select.Element,org.jsoup.select.Element]",pos,2
C:\Users\sugii syuji\jsoup\src\main\java\org\jsoup\select\Evaluator.java,org.jsoup.select.Evaluator$IsNthLastOfType,"calculatePosition/2[org.jsoup.select.Element,org.jsoup.select.Element]",root,0
C:\Users\sugii syuji\jsoup\src\main\java\org\jsoup\select\Evaluator.java,org.jsoup.select.Evaluator$IsNthLastOfType,"calculatePosition/2[org.jsoup.select.Element,org.jsoup.select.Element]",element,3
C:\Users\sugii syuji\jsoup\src\main\java\org\jsoup\select\Evaluator.java,org.jsoup.select.Evaluator$IsNthLastOfType,"IsNthLastOfType/2[int,int]",offset,1
C:\Users\sugii syuji\jsoup\src\main\java\org\jsoup\select\Evaluator.java,org.jsoup.select.Evaluator$IsNthLastOfType,"IsNthLastOfType/2[int,int]",step,1
C:\Users\sugii syuji\jsoup\src\main\java\org\jsoup\select\Evaluator.java,org.jsoup.select.Evaluator$MatchesWholeOwnText,"matches/2[org.jsoup.select.Element,org.jsoup.select.Element]",root,0
C:\Users\sugii syuji\jsoup\src\main\java\org\jsoup\select\Evaluator.java,org.jsoup.select.Evaluator$MatchesWholeOwnText,"matches/2[org.jsoup.select.Element,org.jsoup.select.Element]",m,1
C:\Users\sugii syuji\jsoup\src\main\java\org\jsoup\select\Evaluator.java,org.jsoup.select.Evaluator$MatchesWholeOwnText,"matches/2[org.jsoup.select.Element,org.jsoup.select.Element]",element,1
C:\Users\sugii syuji\jsoup\src\main\java\org\jsoup\select\Evaluator.java,org.jsoup.select.Evaluator$MatchesWholeOwnText,MatchesWholeOwnText/1[org.jsoup.select.Regex],pattern,2
C:\Users\sugii syuji\jsoup\src\main\java\org\jsoup\select\Evaluator.java,org.jsoup.select.Evaluator$MatchesWholeOwnText,MatchesWholeOwnText/1[java.util.regex.Pattern],pattern,1
C:\Users\sugii syuji\jsoup\src\main\java\org\jsoup\select\Evaluator.java,org.jsoup.select.Evaluator$Attribute,Attribute/1[java.lang.String],key,2
C:\Users\sugii syuji\jsoup\src\main\java\org\jsoup\select\Evaluator.java,org.jsoup.select.Evaluator$Attribute,"matches/2[org.jsoup.select.Element,org.jsoup.select.Element]",root,0
C:\Users\sugii syuji\jsoup\src\main\java\org\jsoup\select\Evaluator.java,org.jsoup.select.Evaluator$Attribute,"matches/2[org.jsoup.select.Element,org.jsoup.select.Element]",element,1
C:\Users\sugii syuji\jsoup\src\main\java\org\jsoup\select\Evaluator.java,org.jsoup.select.Evaluator$AttributeStarting,AttributeStarting/1[java.lang.String],keyPrefix,3
C:\Users\sugii syuji\jsoup\src\main\java\org\jsoup\select\Evaluator.java,org.jsoup.select.Evaluator$AttributeStarting,"matches/2[org.jsoup.select.Element,org.jsoup.select.Element]",root,0
C:\Users\sugii syuji\jsoup\src\main\java\org\jsoup\select\Evaluator.java,org.jsoup.select.Evaluator$AttributeStarting,"matches/2[org.jsoup.select.Element,org.jsoup.select.Element]",values,1
C:\Users\sugii syuji\jsoup\src\main\java\org\jsoup\select\Evaluator.java,org.jsoup.select.Evaluator$AttributeStarting,"matches/2[org.jsoup.select.Element,org.jsoup.select.Element]",attribute,1
C:\Users\sugii syuji\jsoup\src\main\java\org\jsoup\select\Evaluator.java,org.jsoup.select.Evaluator$AttributeStarting,"matches/2[org.jsoup.select.Element,org.jsoup.select.Element]",element,1
C:\Users\sugii syuji\jsoup\src\main\java\org\jsoup\select\Evaluator.java,org.jsoup.select.Evaluator$ContainsOwnText,"matches/2[org.jsoup.select.Element,org.jsoup.select.Element]",root,0
C:\Users\sugii syuji\jsoup\src\main\java\org\jsoup\select\Evaluator.java,org.jsoup.select.Evaluator$ContainsOwnText,"matches/2[org.jsoup.select.Element,org.jsoup.select.Element]",element,1
C:\Users\sugii syuji\jsoup\src\main\java\org\jsoup\select\Evaluator.java,org.jsoup.select.Evaluator$ContainsOwnText,ContainsOwnText/1[java.lang.String],searchText,2
C:\Users\sugii syuji\jsoup\src\main\java\org\jsoup\select\Evaluator.java,org.jsoup.select.Evaluator$AttributeWithValueContaining,"matches/2[org.jsoup.select.Element,org.jsoup.select.Element]",root,0
C:\Users\sugii syuji\jsoup\src\main\java\org\jsoup\select\Evaluator.java,org.jsoup.select.Evaluator$AttributeWithValueContaining,"matches/2[org.jsoup.select.Element,org.jsoup.select.Element]",element,2
C:\Users\sugii syuji\jsoup\src\main\java\org\jsoup\select\Evaluator.java,org.jsoup.select.Evaluator$AttributeWithValueContaining,"AttributeWithValueContaining/2[java.lang.String,java.lang.String]",value,1
C:\Users\sugii syuji\jsoup\src\main\java\org\jsoup\select\Evaluator.java,org.jsoup.select.Evaluator$AttributeWithValueContaining,"AttributeWithValueContaining/2[java.lang.String,java.lang.String]",key,1
C:\Users\sugii syuji\jsoup\src\main\java\org\jsoup\select\Evaluator.java,org.jsoup.select.Evaluator$AllElements,"matches/2[org.jsoup.select.Element,org.jsoup.select.Element]",root,0
C:\Users\sugii syuji\jsoup\src\main\java\org\jsoup\select\Evaluator.java,org.jsoup.select.Evaluator$AllElements,"matches/2[org.jsoup.select.Element,org.jsoup.select.Element]",element,0
C:\Users\sugii syuji\jsoup\src\main\java\org\jsoup\select\Evaluator.java,org.jsoup.select.Evaluator$IndexLessThan,IndexLessThan/1[int],index,1
C:\Users\sugii syuji\jsoup\src\main\java\org\jsoup\select\Evaluator.java,org.jsoup.select.Evaluator$IndexLessThan,"matches/2[org.jsoup.select.Element,org.jsoup.select.Element]",root,1
C:\Users\sugii syuji\jsoup\src\main\java\org\jsoup\select\Evaluator.java,org.jsoup.select.Evaluator$IndexLessThan,"matches/2[org.jsoup.select.Element,org.jsoup.select.Element]",element,2
C:\Users\sugii syuji\jsoup\src\main\java\org\jsoup\select\Evaluator.java,org.jsoup.select.Evaluator$AttributeWithValue,"matches/2[org.jsoup.select.Element,org.jsoup.select.Element]",root,0
C:\Users\sugii syuji\jsoup\src\main\java\org\jsoup\select\Evaluator.java,org.jsoup.select.Evaluator$AttributeWithValue,"matches/2[org.jsoup.select.Element,org.jsoup.select.Element]",element,2
C:\Users\sugii syuji\jsoup\src\main\java\org\jsoup\select\Evaluator.java,org.jsoup.select.Evaluator$AttributeWithValue,"AttributeWithValue/2[java.lang.String,java.lang.String]",value,1
C:\Users\sugii syuji\jsoup\src\main\java\org\jsoup\select\Evaluator.java,org.jsoup.select.Evaluator$AttributeWithValue,"AttributeWithValue/2[java.lang.String,java.lang.String]",key,1
C:\Users\sugii syuji\jsoup\src\main\java\org\jsoup\select\Evaluator.java,org.jsoup.select.Evaluator$AttributeWithValueNot,"AttributeWithValueNot/2[java.lang.String,java.lang.String]",value,1
C:\Users\sugii syuji\jsoup\src\main\java\org\jsoup\select\Evaluator.java,org.jsoup.select.Evaluator$AttributeWithValueNot,"AttributeWithValueNot/2[java.lang.String,java.lang.String]",key,1
C:\Users\sugii syuji\jsoup\src\main\java\org\jsoup\select\Evaluator.java,org.jsoup.select.Evaluator$AttributeWithValueNot,"matches/2[org.jsoup.select.Element,org.jsoup.select.Element]",root,0
C:\Users\sugii syuji\jsoup\src\main\java\org\jsoup\select\Evaluator.java,org.jsoup.select.Evaluator$AttributeWithValueNot,"matches/2[org.jsoup.select.Element,org.jsoup.select.Element]",element,1
C:\Users\sugii syuji\jsoup\src\main\java\org\jsoup\select\Evaluator.java,org.jsoup.select.Evaluator$MatchText,"matches/2[org.jsoup.select.Element,org.jsoup.select.Element]",textNodes,2
C:\Users\sugii syuji\jsoup\src\main\java\org\jsoup\select\Evaluator.java,org.jsoup.select.Evaluator$MatchText,"matches/2[org.jsoup.select.Element,org.jsoup.select.Element]",textNode,2
C:\Users\sugii syuji\jsoup\src\main\java\org\jsoup\select\Evaluator.java,org.jsoup.select.Evaluator$MatchText,"matches/2[org.jsoup.select.Element,org.jsoup.select.Element]",pel,2
C:\Users\sugii syuji\jsoup\src\main\java\org\jsoup\select\Evaluator.java,org.jsoup.select.Evaluator$MatchText,"matches/2[org.jsoup.select.Element,org.jsoup.select.Element]",root,0
C:\Users\sugii syuji\jsoup\src\main\java\org\jsoup\select\Evaluator.java,org.jsoup.select.Evaluator$MatchText,"matches/2[org.jsoup.select.Element,org.jsoup.select.Element]",element,6
C:\Users\sugii syuji\jsoup\src\main\java\org\jsoup\select\NodeEvaluator.java,org.jsoup.select.NodeEvaluator$InstanceType,evaluateMatch/1[org.jsoup.select.Node],node,1
C:\Users\sugii syuji\jsoup\src\main\java\org\jsoup\select\NodeEvaluator.java,org.jsoup.select.NodeEvaluator$InstanceType,"InstanceType/2[java.lang.Class<? extends org.jsoup.select.Node>,java.lang.String]",selector,2
C:\Users\sugii syuji\jsoup\src\main\java\org\jsoup\select\NodeEvaluator.java,org.jsoup.select.NodeEvaluator$InstanceType,"InstanceType/2[java.lang.Class<? extends org.jsoup.select.Node>,java.lang.String]",type,2
C:\Users\sugii syuji\jsoup\src\main\java\org\jsoup\select\NodeEvaluator.java,org.jsoup.select.NodeEvaluator$MatchesValue,evaluateMatch/1[org.jsoup.select.Node],node,1
C:\Users\sugii syuji\jsoup\src\main\java\org\jsoup\select\NodeEvaluator.java,org.jsoup.select.NodeEvaluator$MatchesValue,MatchesValue/1[org.jsoup.select.Regex],pattern,2
C:\Users\sugii syuji\jsoup\src\main\java\org\jsoup\select\Evaluator.java,org.jsoup.select.Evaluator$ContainsText,ContainsText/1[java.lang.String],searchText,2
C:\Users\sugii syuji\jsoup\src\main\java\org\jsoup\select\Evaluator.java,org.jsoup.select.Evaluator$ContainsText,"matches/2[org.jsoup.select.Element,org.jsoup.select.Element]",root,0
C:\Users\sugii syuji\jsoup\src\main\java\org\jsoup\select\Evaluator.java,org.jsoup.select.Evaluator$ContainsText,"matches/2[org.jsoup.select.Element,org.jsoup.select.Element]",element,1
C:\Users\sugii syuji\jsoup\src\main\java\org\jsoup\select\Evaluator.java,org.jsoup.select.Evaluator,asPredicate/1[org.jsoup.select.Element],root,1
C:\Users\sugii syuji\jsoup\src\main\java\org\jsoup\select\Evaluator.java,org.jsoup.select.Evaluator,asPredicate/1[org.jsoup.select.Element],element,1
C:\Users\sugii syuji\jsoup\src\main\java\org\jsoup\select\Evaluator.java,org.jsoup.select.Evaluator,"matches/2[org.jsoup.select.Element,org.jsoup.select.Element]",root,0
C:\Users\sugii syuji\jsoup\src\main\java\org\jsoup\select\Evaluator.java,org.jsoup.select.Evaluator,"matches/2[org.jsoup.select.Element,org.jsoup.select.Element]",element,0
C:\Users\sugii syuji\jsoup\src\main\java\org\jsoup\select\Evaluator.java,org.jsoup.select.Evaluator,"matches/2[org.jsoup.select.Element,org.jsoup.select.LeafNode]",root,0
C:\Users\sugii syuji\jsoup\src\main\java\org\jsoup\select\Evaluator.java,org.jsoup.select.Evaluator,"matches/2[org.jsoup.select.Element,org.jsoup.select.LeafNode]",leafNode,0
C:\Users\sugii syuji\jsoup\src\main\java\org\jsoup\select\Evaluator.java,org.jsoup.select.Evaluator,asNodePredicate/1[org.jsoup.select.Element],node,1
C:\Users\sugii syuji\jsoup\src\main\java\org\jsoup\select\Evaluator.java,org.jsoup.select.Evaluator,asNodePredicate/1[org.jsoup.select.Element],root,1
C:\Users\sugii syuji\jsoup\src\main\java\org\jsoup\select\Evaluator.java,org.jsoup.select.Evaluator,"matches/2[org.jsoup.select.Element,org.jsoup.select.Node]",node,4
C:\Users\sugii syuji\jsoup\src\main\java\org\jsoup\select\Evaluator.java,org.jsoup.select.Evaluator,"matches/2[org.jsoup.select.Element,org.jsoup.select.Node]",root,2
C:\Users\sugii syuji\jsoup\src\main\java\org\jsoup\select\Evaluator.java,org.jsoup.select.Evaluator$IsRoot,"matches/2[org.jsoup.select.Element,org.jsoup.select.Element]",r,1
C:\Users\sugii syuji\jsoup\src\main\java\org\jsoup\select\Evaluator.java,org.jsoup.select.Evaluator$IsRoot,"matches/2[org.jsoup.select.Element,org.jsoup.select.Element]",root,3
C:\Users\sugii syuji\jsoup\src\main\java\org\jsoup\select\Evaluator.java,org.jsoup.select.Evaluator$IsRoot,"matches/2[org.jsoup.select.Element,org.jsoup.select.Element]",element,1
C:\Users\sugii syuji\jsoup\src\main\java\org\jsoup\select\Evaluator.java,org.jsoup.select.Evaluator$IsNthOfType,"calculatePosition/2[org.jsoup.select.Element,org.jsoup.select.Element]",parent,4
C:\Users\sugii syuji\jsoup\src\main\java\org\jsoup\select\Evaluator.java,org.jsoup.select.Evaluator$IsNthOfType,"calculatePosition/2[org.jsoup.select.Element,org.jsoup.select.Element]",node,2
C:\Users\sugii syuji\jsoup\src\main\java\org\jsoup\select\Evaluator.java,org.jsoup.select.Evaluator$IsNthOfType,"calculatePosition/2[org.jsoup.select.Element,org.jsoup.select.Element]",size,1
C:\Users\sugii syuji\jsoup\src\main\java\org\jsoup\select\Evaluator.java,org.jsoup.select.Evaluator$IsNthOfType,"calculatePosition/2[org.jsoup.select.Element,org.jsoup.select.Element]",pos,2
C:\Users\sugii syuji\jsoup\src\main\java\org\jsoup\select\Evaluator.java,org.jsoup.select.Evaluator$IsNthOfType,"calculatePosition/2[org.jsoup.select.Element,org.jsoup.select.Element]",root,0
C:\Users\sugii syuji\jsoup\src\main\java\org\jsoup\select\Evaluator.java,org.jsoup.select.Evaluator$IsNthOfType,"calculatePosition/2[org.jsoup.select.Element,org.jsoup.select.Element]",i,3
C:\Users\sugii syuji\jsoup\src\main\java\org\jsoup\select\Evaluator.java,org.jsoup.select.Evaluator$IsNthOfType,"calculatePosition/2[org.jsoup.select.Element,org.jsoup.select.Element]",element,3
C:\Users\sugii syuji\jsoup\src\main\java\org\jsoup\select\Evaluator.java,org.jsoup.select.Evaluator$IsNthOfType,"IsNthOfType/2[int,int]",offset,1
C:\Users\sugii syuji\jsoup\src\main\java\org\jsoup\select\Evaluator.java,org.jsoup.select.Evaluator$IsNthOfType,"IsNthOfType/2[int,int]",step,1
C:\Users\sugii syuji\jsoup\src\main\java\org\jsoup\select\Evaluator.java,org.jsoup.select.Evaluator$ContainsData,"matches/2[org.jsoup.select.Element,org.jsoup.select.Element]",root,0
C:\Users\sugii syuji\jsoup\src\main\java\org\jsoup\select\Evaluator.java,org.jsoup.select.Evaluator$ContainsData,"matches/2[org.jsoup.select.Element,org.jsoup.select.Element]",element,1
C:\Users\sugii syuji\jsoup\src\main\java\org\jsoup\select\Evaluator.java,org.jsoup.select.Evaluator$ContainsData,ContainsData/1[java.lang.String],searchText,2
C:\Users\sugii syuji\jsoup\src\main\java\org\jsoup\select\Evaluator.java,org.jsoup.select.Evaluator$Id,Id/1[java.lang.String],id,2
C:\Users\sugii syuji\jsoup\src\main\java\org\jsoup\select\Evaluator.java,org.jsoup.select.Evaluator$Id,"matches/2[org.jsoup.select.Element,org.jsoup.select.Element]",root,0
C:\Users\sugii syuji\jsoup\src\main\java\org\jsoup\select\Evaluator.java,org.jsoup.select.Evaluator$Id,"matches/2[org.jsoup.select.Element,org.jsoup.select.Element]",element,1
C:\Users\sugii syuji\jsoup\src\main\java\org\jsoup\select\Evaluator.java,org.jsoup.select.Evaluator$IndexEquals,"matches/2[org.jsoup.select.Element,org.jsoup.select.Element]",root,0
C:\Users\sugii syuji\jsoup\src\main\java\org\jsoup\select\Evaluator.java,org.jsoup.select.Evaluator$IndexEquals,"matches/2[org.jsoup.select.Element,org.jsoup.select.Element]",element,1
C:\Users\sugii syuji\jsoup\src\main\java\org\jsoup\select\Evaluator.java,org.jsoup.select.Evaluator$IndexEquals,IndexEquals/1[int],index,1
C:\Users\sugii syuji\jsoup\src\main\java\org\jsoup\select\NodeEvaluator.java,org.jsoup.select.NodeEvaluator$BlankValue,evaluateMatch/1[org.jsoup.select.Node],node,1
C:\Users\sugii syuji\jsoup\src\main\java\org\jsoup\select\Evaluator.java,org.jsoup.select.Evaluator$IsLastChild,"matches/2[org.jsoup.select.Element,org.jsoup.select.Element]",p,3
C:\Users\sugii syuji\jsoup\src\main\java\org\jsoup\select\Evaluator.java,org.jsoup.select.Evaluator$IsLastChild,"matches/2[org.jsoup.select.Element,org.jsoup.select.Element]",root,0
C:\Users\sugii syuji\jsoup\src\main\java\org\jsoup\select\Evaluator.java,org.jsoup.select.Evaluator$IsLastChild,"matches/2[org.jsoup.select.Element,org.jsoup.select.Element]",element,2
C:\Users\sugii syuji\jsoup\src\main\java\org\jsoup\select\Evaluator.java,org.jsoup.select.Evaluator$IsNthLastChild,"IsNthLastChild/2[int,int]",offset,1
C:\Users\sugii syuji\jsoup\src\main\java\org\jsoup\select\Evaluator.java,org.jsoup.select.Evaluator$IsNthLastChild,"IsNthLastChild/2[int,int]",step,1
C:\Users\sugii syuji\jsoup\src\main\java\org\jsoup\select\Evaluator.java,org.jsoup.select.Evaluator$IsNthLastChild,"calculatePosition/2[org.jsoup.select.Element,org.jsoup.select.Element]",root,0
C:\Users\sugii syuji\jsoup\src\main\java\org\jsoup\select\Evaluator.java,org.jsoup.select.Evaluator$IsNthLastChild,"calculatePosition/2[org.jsoup.select.Element,org.jsoup.select.Element]",element,3
C:\Users\sugii syuji\jsoup\src\main\java\org\jsoup\select\Evaluator.java,org.jsoup.select.Evaluator$TagEndsWith,TagEndsWith/1[java.lang.String],tagName,2
C:\Users\sugii syuji\jsoup\src\main\java\org\jsoup\select\Evaluator.java,org.jsoup.select.Evaluator$TagEndsWith,"matches/2[org.jsoup.select.Element,org.jsoup.select.Element]",root,0
C:\Users\sugii syuji\jsoup\src\main\java\org\jsoup\select\Evaluator.java,org.jsoup.select.Evaluator$TagEndsWith,"matches/2[org.jsoup.select.Element,org.jsoup.select.Element]",element,1
C:\Users\sugii syuji\jsoup\src\main\java\org\jsoup\nodes\Element.java,org.jsoup.nodes.Element$TextAccumulator,"tail/2[org.jsoup.nodes.Node,int]",next,3
C:\Users\sugii syuji\jsoup\src\main\java\org\jsoup\nodes\Element.java,org.jsoup.nodes.Element$TextAccumulator,"tail/2[org.jsoup.nodes.Node,int]",node,3
C:\Users\sugii syuji\jsoup\src\main\java\org\jsoup\nodes\Element.java,org.jsoup.nodes.Element$TextAccumulator,"tail/2[org.jsoup.nodes.Node,int]",depth,0
C:\Users\sugii syuji\jsoup\src\main\java\org\jsoup\nodes\Element.java,org.jsoup.nodes.Element$TextAccumulator,"tail/2[org.jsoup.nodes.Node,int]",element,1
C:\Users\sugii syuji\jsoup\src\main\java\org\jsoup\nodes\Element.java,org.jsoup.nodes.Element$TextAccumulator,"head/2[org.jsoup.nodes.Node,int]",node,4
C:\Users\sugii syuji\jsoup\src\main\java\org\jsoup\nodes\Element.java,org.jsoup.nodes.Element$TextAccumulator,"head/2[org.jsoup.nodes.Node,int]",depth,0
C:\Users\sugii syuji\jsoup\src\main\java\org\jsoup\nodes\Element.java,org.jsoup.nodes.Element$TextAccumulator,"head/2[org.jsoup.nodes.Node,int]",textNode,1
C:\Users\sugii syuji\jsoup\src\main\java\org\jsoup\nodes\Element.java,org.jsoup.nodes.Element$TextAccumulator,"head/2[org.jsoup.nodes.Node,int]",element,2
C:\Users\sugii syuji\jsoup\src\main\java\org\jsoup\nodes\Element.java,org.jsoup.nodes.Element$TextAccumulator,TextAccumulator/1[java.lang.StringBuilder],accum,2
C:\Users\sugii syuji\jsoup\src\main\java\org\jsoup\helper\Re2jRegex.java,org.jsoup.helper.Re2jRegex$Re2jMatcher,Re2jMatcher/1[com.google.re2j.Matcher],delegate,2
C:\Users\sugii syuji\jsoup\src\main\java\org\jsoup\select\Evaluator.java,org.jsoup.select.Evaluator$IsFirstChild,"matches/2[org.jsoup.select.Element,org.jsoup.select.Element]",p,3
C:\Users\sugii syuji\jsoup\src\main\java\org\jsoup\select\Evaluator.java,org.jsoup.select.Evaluator$IsFirstChild,"matches/2[org.jsoup.select.Element,org.jsoup.select.Element]",root,0
C:\Users\sugii syuji\jsoup\src\main\java\org\jsoup\select\Evaluator.java,org.jsoup.select.Evaluator$IsFirstChild,"matches/2[org.jsoup.select.Element,org.jsoup.select.Element]",element,2
C:\Users\sugii syuji\jsoup\src\main\java\org\jsoup\select\Evaluator.java,org.jsoup.select.Evaluator$CssNthEvaluator,toString/0,format,2
C:\Users\sugii syuji\jsoup\src\main\java\org\jsoup\select\Evaluator.java,org.jsoup.select.Evaluator$CssNthEvaluator,"calculatePosition/2[org.jsoup.select.Element,org.jsoup.select.Element]",root,0
C:\Users\sugii syuji\jsoup\src\main\java\org\jsoup\select\Evaluator.java,org.jsoup.select.Evaluator$CssNthEvaluator,"calculatePosition/2[org.jsoup.select.Element,org.jsoup.select.Element]",element,0
C:\Users\sugii syuji\jsoup\src\main\java\org\jsoup\select\Evaluator.java,org.jsoup.select.Evaluator$CssNthEvaluator,"matches/2[org.jsoup.select.Element,org.jsoup.select.Element]",p,2
C:\Users\sugii syuji\jsoup\src\main\java\org\jsoup\select\Evaluator.java,org.jsoup.select.Evaluator$CssNthEvaluator,"matches/2[org.jsoup.select.Element,org.jsoup.select.Element]",pos,3
C:\Users\sugii syuji\jsoup\src\main\java\org\jsoup\select\Evaluator.java,org.jsoup.select.Evaluator$CssNthEvaluator,"matches/2[org.jsoup.select.Element,org.jsoup.select.Element]",root,1
C:\Users\sugii syuji\jsoup\src\main\java\org\jsoup\select\Evaluator.java,org.jsoup.select.Evaluator$CssNthEvaluator,"matches/2[org.jsoup.select.Element,org.jsoup.select.Element]",element,2
C:\Users\sugii syuji\jsoup\src\main\java\org\jsoup\select\Evaluator.java,org.jsoup.select.Evaluator$CssNthEvaluator,"CssNthEvaluator/2[int,int]",offset,1
C:\Users\sugii syuji\jsoup\src\main\java\org\jsoup\select\Evaluator.java,org.jsoup.select.Evaluator$CssNthEvaluator,"CssNthEvaluator/2[int,int]",step,1
C:\Users\sugii syuji\jsoup\src\main\java\org\jsoup\select\Evaluator.java,org.jsoup.select.Evaluator$CssNthEvaluator,CssNthEvaluator/1[int],offset,1
C:\Users\sugii syuji\jsoup\src\main\java\org\jsoup\select\Evaluator.java,org.jsoup.select.Evaluator$Tag,"matches/2[org.jsoup.select.Element,org.jsoup.select.Element]",root,0
C:\Users\sugii syuji\jsoup\src\main\java\org\jsoup\select\Evaluator.java,org.jsoup.select.Evaluator$Tag,"matches/2[org.jsoup.select.Element,org.jsoup.select.Element]",element,1
C:\Users\sugii syuji\jsoup\src\main\java\org\jsoup\select\Evaluator.java,org.jsoup.select.Evaluator$Tag,Tag/1[java.lang.String],tagName,2
C:\Users\sugii syuji\jsoup\src\main\java\org\jsoup\helper\Regex.java,org.jsoup.helper.Regex$JdkMatcher,JdkMatcher/1[java.util.regex.Matcher],delegate,2
C:\Users\sugii syuji\jsoup\src\main\java\org\jsoup\nodes\Element.java,org.jsoup.nodes.Element$NodeList,NodeList/1[int],size,1
